{
    "EffectObject": [
        {
            "Accel": [
                -500.0,
                -400.0
            ],
            "Animation": true,
            "Billboard": false,
            "Center": [
                0.0,
                0.0,
                0.0
            ],
            "CenterColor": [
                1.0,
                0.7469915747642517,
                0.31937170028686523,
                1.0
            ],
            "Color": [
                1.0,
                0.7467174530029297,
                0.37172776460647583,
                1.0
            ],
            "DistortionStrength": 10.0,
            "Duration": 61,
            "EffectType": 1,
            "EmissiveIntensity": 3.5,
            "EndTrack": 61,
            "FlipUV": false,
            "Gravity": 9.800000190734863,
            "IsGravity": false,
            "KeyFrames": [
                {
                    "Color": [
                        1.0,
                        0.7467174530029297,
                        0.37172776460647583,
                        1.0
                    ],
                    "Intensity": 2.2100000381469727,
                    "Interpolation": 0,
                    "Rotation": [
                        -0.0,
                        0.0,
                        -0.0,
                        1.0
                    ],
                    "Scale": [
                        1.0,
                        1.0,
                        1.0
                    ],
                    "TrackPosition": 0.0,
                    "Translation": [
                        0.0,
                        0.0,
                        0.0
                    ]
                }
            ],
            "LifeTime": 1597.4246826171875,
            "LifeTime_Particle": [
                0.009999999776482582,
                0.30000001192092896
            ],
            "Local": true,
            "Loop": false,
            "MaxLifeTime": 4.0,
            "MaxSpeed": 1000.0,
            "MinSpeed": 10.0,
            "Name": "Hit_BasicSpark1",
            "NumInstance": 100,
            "NumKeyFrames": 1,
            "Orbit": true,
            "OrbitAxis": [
                1.0,
                0.0,
                0.0
            ],
            "OrbitSpeed": [
                -180.0,
                180.0
            ],
            "PType": 0,
            "Pivot": [
                0.0,
                0.0,
                0.0
            ],
            "Range": [
                0.029999999329447746,
                0.029999999329447746,
                0.029999999329447746
            ],
            "RenderGroup": 8,
            "RotationAxis": [
                0.0,
                0.0,
                0.0
            ],
            "RotationSpeed": [
                0.0,
                0.0
            ],
            "ShaderPass": 3,
            "ShrinkThreshold": 0.009999999776482582,
            "Size": [
                0.004999999888241291,
                0.009999999776482582
            ],
            "Speed": [
                35.0,
                55.0
            ],
            "Spin": false,
            "StartTrack": 0,
            "StretchFactor": 0.014999999664723873,
            "TextureTags": [
                "",
                "T_Shere_02_C_LGS",
                "",
                ""
            ],
            "TextureUsage": [
                false,
                true,
                false,
                false
            ],
            "Threshold": 0.0,
            "TickPerSecond": 60.0,
            "TileTickPerSec": 60.0,
            "TileX": 1,
            "TileY": 1,
            "isTileLoop": false
        },
        {
            "Accel": [
                -40.0,
                -10.0
            ],
            "Animation": true,
            "Billboard": false,
            "Center": [
                0.0,
                0.0,
                0.0
            ],
            "CenterColor": [
                1.0,
                0.45464766025543213,
                0.39790576696395874,
                1.0
            ],
            "Color": [
                1.0,
                0.15706807374954224,
                0.0,
                1.0
            ],
            "DistortionStrength": 10.0,
            "Duration": 61,
            "EffectType": 1,
            "EmissiveIntensity": 0.800000011920929,
            "EndTrack": 61,
            "FlipUV": false,
            "Gravity": 1.5,
            "IsGravity": true,
            "KeyFrames": [
                {
                    "Color": [
                        1.0,
                        0.15706807374954224,
                        0.0,
                        1.0
                    ],
                    "Intensity": 2.450000047683716,
                    "Interpolation": 0,
                    "Rotation": [
                        -0.0,
                        0.0,
                        -0.0,
                        1.0
                    ],
                    "Scale": [
                        1.0,
                        1.0,
                        1.0
                    ],
                    "TrackPosition": 0.0,
                    "Translation": [
                        0.0,
                        0.0,
                        0.0
                    ]
                }
            ],
            "LifeTime": 1393.3787841796875,
            "LifeTime_Particle": [
                0.05000000074505806,
                0.8999999761581421
            ],
            "Local": true,
            "Loop": false,
            "MaxLifeTime": 0.10000000149011612,
            "MaxSpeed": 1000.0,
            "MinSpeed": 1.0,
            "Name": "Hit_BasicSpark2",
            "NumInstance": 100,
            "NumKeyFrames": 1,
            "Orbit": true,
            "OrbitAxis": [
                0.7071067690849304,
                0.0,
                0.7071067690849304
            ],
            "OrbitSpeed": [
                -90.0,
                90.0
            ],
            "PType": 0,
            "Pivot": [
                0.0,
                0.0,
                0.0
            ],
            "Range": [
                0.029999999329447746,
                0.029999999329447746,
                0.029999999329447746
            ],
            "RenderGroup": 8,
            "RotationAxis": [
                0.0,
                0.0,
                0.0
            ],
            "RotationSpeed": [
                0.0,
                0.0
            ],
            "ShaderPass": 3,
            "ShrinkThreshold": 0.009999999776482582,
            "Size": [
                0.009999999776482582,
                0.019999999552965164
            ],
            "Speed": [
                10.0,
                15.0
            ],
            "Spin": false,
            "StartTrack": 0,
            "StretchFactor": 0.014999999664723873,
            "TextureTags": [
                "",
                "T_Shere_02_C_LGS",
                "",
                ""
            ],
            "TextureUsage": [
                false,
                true,
                false,
                false
            ],
            "Threshold": 0.0,
            "TickPerSecond": 60.0,
            "TileTickPerSec": 60.0,
            "TileX": 1,
            "TileY": 1,
            "isTileLoop": false
        },
        {
            "Animation": false,
            "Billboard": true,
            "CenterColor": [
                1.0,
                0.5009182691574097,
                0.19895285367965698,
                0.0
            ],
            "Color": [
                1.0,
                0.5923184752464294,
                0.2693050503730774,
                -0.020245641469955444
            ],
            "DistortionStrength": 10.0,
            "Duration": 61,
            "EffectType": 0,
            "EmissiveIntensity": 3.950000047683716,
            "EndTrack": 61,