{
    "EffectObject": [
        {
            "Accel": [
                -80.0,
                -20.0
            ],
            "Animation": true,
            "Billboard": false,
            "Center": [
                0.0,
                0.0,
                0.0
            ],
            "CenterColor": [
                1.0,
                0.25073331594467163,
                0.17277485132217407,
                1.0
            ],
            "Color": [
                1.0,
                0.0,
                0.0,
                1.0
            ],
            "DistortionStrength": 10.0,
            "Duration": 70,
            "EffectType": 1,
            "EmissiveIntensity": 1.0,
            "EndTrack": 70,
            "FlipUV": false,
            "Gravity": 9.800000190734863,
            "IsGravity": true,
            "KeyFrames": [
                {
                    "Color": [
                        1.0,
                        0.0,
                        0.0,
                        1.0
                    ],
                    "Intensity": 2.450000047683716,
                    "Interpolation": 0,
                    "Rotation": [
                        -0.0,
                        0.0,
                        -0.0,
                        1.0
                    ],
                    "Scale": [
                        1.0,
                        1.0,
                        1.0
                    ],
                    "TrackPosition": 0.0,
                    "Translation": [
                        0.0,
                        0.0,
                        0.0
                    ]
                }
            ],
            "LifeTime": 2749.27685546875,
            "LifeTime_Particle": [
                0.09000000357627869,
                0.5
            ],
            "Local": true,
            "Loop": false,
            "MaxLifeTime": 0.10000000149011612,
            "MaxSpeed": 1000.0,
            "MinSpeed": 3.0,
            "Name": "SlashHit_Particle1",
            "NumInstance": 150,
            "NumKeyFrames": 1,
            "Orbit": false,
            "OrbitAxis": [
                0.7071067690849304,
                0.0,
                0.7071067690849304
            ],
            "OrbitSpeed": [
                -180.0,
                180.0
            ],
            "PType": 0,
            "Pivot": [
                0.10000000149011612,
                0.0,
                0.0
            ],
            "Range": [
                0.05000000074505806,
                0.019999999552965164,
                0.019999999552965164
            ],
            "RenderGroup": 8,
            "RotationAxis": [
                0.0,
                0.0,
                0.0
            ],
            "RotationSpeed": [
                0.0,
                0.0
            ],
            "ShaderPass": 3,
            "ShrinkThreshold": 0.009999999776482582,
            "Size": [
                0.009999999776482582,
                0.029999999329447746
            ],
            "Speed": [
                10.0,
                20.0
            ],
            "Spin": false,
            "StartTrack": 0,
            "StretchFactor": 0.014999999664723873,
            "TextureTags": [
                "",
                "T_Shere_02_C_LGS",
                "",
                ""
            ],
            "TextureUsage": [
                false,
                true,
                false,
                false
            ],
            "Threshold": 0.0,
            "TickPerSecond": 60.0,
            "TileTickPerSec": 60.0,
            "TileX": 1,
            "TileY": 1,
            "isTileLoop": false
        },
        {
            "Animation": false,
            "Billboard": true,
            "CenterColor": [
                1.0,
                0.16230368614196777,
                0.16230368614196777,
                1.0
            ],
            "Color": [
                1.0,
                0.15706807374954224,
                0.0,
                1.0
            ],
            "DistortionStrength": 10.0,
            "Duration": 70,
            "EffectType": 0,
            "EmissiveIntensity": 6.050000190734863,
            "EndTrack": 70,
            "FlipUV": false,
            "KeyFrames": [
                {
                    "Color": [
                        1.0,
                        0.15706807374954224,
                        0.0,
                        1.0
                    ],
                    "Intensity": 5.909999847412109,
                    "Interpolation": 0,
                    "Rotation": [
                        0.0,
                        0.0,
                        0.0,
                        0.0
                    ],
                    "Scale": [
                        6.0,
                        0.30000001192092896,
                        3.0
                    ],
                    "TrackPosition": 0.0,
                    "Translation": [
                        0.0,
                        0.0,
                        0.0
                    ]
                },
                {
                    "Color": [
                        1.0,
                        0.1568627506494522,
                        0.0,
                        0.0
                    ],
                    "Intensity": 1.0,
                    "Interpolation": 0,
                    "Rotation": [
                        0.0,
                        0.0,
                        0.0,
                        0.0
                    ],
                    "Scale": [
                        6.0,
                        0.0,
                        0.0
                    ],
                    "TrackPosition": 6.0,
                    "Translation": [
                        0.0,
                        0.0,
                        0.0
                    ]
                }
            ],
            "LifeTime": 1181.2261962890625,
            "Loop": true,
            "Name": "Hit_BasicSlashSprite1",
            "NumKeyFrames": 2,
            "RenderGroup": 8,
            "ShaderPass": 5,
            "StartTrack": 0,
            "TextureTags": [
                "",
                "T_MeshTrail_01_C_GDH",
                "",
                ""
            ],
            "TextureUsage": [
                false,
                true,
                false,
                false
            ],
            "Threshold": 0.0,
            "TickPerSecond": 60.0,
            "TileTickPerSec": 60.0,
            "TileX": 1,
            "TileY": 1
        },
        {
            "Animation": true,
            "Billboard": true,
            "CenterColor": [
                1.0,
                1.0,
                1.0,
                1.0
            ],
            "Color": [
                1.0,
                1.0,
                1.0,
                1.0
            ],
            "DistortionStrength": 10.0,
            "Duration": 70,
            "EffectType": 0,
            "EmissiveIntensity": 0.0,
            "EndTrack": 72,
            "FlipUV": false,
            "KeyFrames": [
                {
                    "Color": [
                        1.0,
                        1.0,
                        1.0,
                        1.0
                    ],
                    "Intensity": 1.0,
                    "Interpolation": 0,
                    "Rotation": [
                        0.0,
                        0.0,
                        0.0,
                        0.0
                    ],
                    "Scale": [
                        6.0,
                        0.6000000238418579,
                        3.0
                    ],
                    "TrackPosition": 0.0,