{
    "EffectObject": [
        {
            "Accel": [
                -150.0,
                -100.0
            ],
            "Animation": true,
            "Billboard": false,
            "Center": [
                0.0,
                0.0,
                0.0
            ],
            "CenterColor": [
                1.0,
                0.420026957988739,
                0.2565445303916931,
                1.0
            ],
            "Color": [
                1.0,
                0.18848168849945068,
                0.0,
                1.0
            ],
            "DistortionStrength": 10.0,
            "Duration": 102,
            "EffectType": 1,
            "EmissiveIntensity": 1.0499999523162842,
            "EndTrack": 102,
            "FlipUV": false,
            "Gravity": 9.800000190734863,
            "IsGravity": false,
            "KeyFrames": [
                {
                    "Color": [
                        1.0,
                        0.18848168849945068,
                        0.0,
                        1.0
                    ],
                    "Intensity": 2.4000000953674316,
                    "Interpolation": 0,
                    "Rotation": [
                        0.0,
                        0.0,
                        0.0,
                        0.0
                    ],
                    "Scale": [
                        1.0,
                        1.0,
                        1.0
                    ],
                    "TrackPosition": 0.0,
                    "Translation": [
                        0.0,
                        0.0,
                        0.0
                    ]
                }
            ],
            "LifeTime": 2454.591552734375,
            "LifeTime_Particle": [
                0.019999999552965164,
                0.30000001192092896
            ],
            "Local": true,
            "Loop": false,
            "MaxLifeTime": 4.0,
            "MaxSpeed": 1000.0,
            "MinSpeed": 4.0,
            "Name": "Hit_Spiral_Particle1",
            "NumInstance": 100,
            "NumKeyFrames": 1,
            "Orbit": true,
            "OrbitAxis": [
                0.0,
                0.0,
                1.0
            ],
            "OrbitSpeed": [
                500.0,
                700.0
            ],
            "PType": 0,
            "Pivot": [
                0.0,
                0.0,
                0.0
            ],
            "Range": [
                0.20000000298023224,
                0.20000000298023224,
                0.009999999776482582
            ],
            "RenderGroup": 8,
            "RotationAxis": [
                0.0,
                0.0,
                0.0
            ],
            "RotationSpeed": [
                0.0,
                0.0
            ],
            "ShaderPass": 3,
            "ShrinkThreshold": 0.009999999776482582,
            "Size": [
                0.009999999776482582,
                0.02500000037252903
            ],
            "Speed": [
                12.0,
                15.0
            ],
            "Spin": false,
            "StartTrack": 0,
            "StretchFactor": 0.014999999664723873,
            "TextureTags": [
                "",
                "T_Shere_02_C_LGS",
                "",
                ""
            ],
            "TextureUsage": [
                false,
                true,
                false,
                false
            ],
            "Threshold": 0.0,
            "TickPerSecond": 60.0,
            "TileTickPerSec": 60.0,
            "TileX": 1,
            "TileY": 1,
            "isTileLoop": false
        },
        {
            "Accel": [
                -8.0,
                -5.0
            ],
            "Animation": true,
            "Billboard": false,
            "Center": [
                0.0,
                0.0,
                0.0
            ],
            "CenterColor": [
                1.0,
                0.2858748435974121,
                0.18324607610702515,
                1.0
            ],
            "Color": [
                1.0,
                0.17143172025680542,
                0.05235600471496582,
                1.0
            ],
            "DistortionStrength": 10.0,
            "Duration": 73,
            "EffectType": 1,
            "EmissiveIntensity": 0.8999999761581421,
            "EndTrack": 73,
            "FlipUV": false,
            "Gravity": 9.800000190734863,
            "IsGravity": true,
            "KeyFrames": [
                {
                    "Color": [
                        1.0,
                        0.17143172025680542,
                        0.05235600471496582,
                        1.0
                    ],
                    "Intensity": 3.9000000953674316,
                    "Interpolation": 0,
                    "Rotation": [
                        0.0,
                        0.0,
                        0.0,
                        0.0
                    ],
                    "Scale": [
                        1.0,
                        1.0,
                        1.0
                    ],
                    "TrackPosition": 0.0,
                    "Translation": [
                        0.0,
                        0.0,
                        0.0
                    ]
                }
            ],
            "LifeTime": 488.1679992675781,
            "LifeTime_Particle": [
                0.019999999552965164,
                0.30000001192092896
            ],
            "Local": true,
            "Loop": false,
            "MaxLifeTime": 0.30000001192092896,
            "MaxSpeed": 1000.0,
            "MinSpeed": 0.0,
            "Name": "Hit_Spiral_SparkParticle2",
            "NumInstance": 50,
            "NumKeyFrames": 1,
            "Orbit": false,
            "OrbitAxis": [
                0.0,
                0.0,
                0.0
            ],
            "OrbitSpeed": [
                0.0,
                0.0
            ],
            "PType": 0,
            "Pivot": [
                0.0,
                0.0,
                0.0
            ],
            "Range": [
                0.20000000298023224,
                0.20000000298023224,
                0.20000000298023224
            ],
            "RenderGroup": 8,
            "RotationAxis": [
                0.0,
                0.0,
                0.0
            ],
            "RotationSpeed": [
                0.0,
                0.0
            ],
            "ShaderPass": 3,
            "ShrinkThreshold": 0.009999999776482582,
            "Size": [
                0.014999999664723873,
                0.019999999552965164
            ],
            "Speed": [
                3.0,
                4.0
            ],
            "Spin": false,
            "StartTrack": 0,
            "StretchFactor": 0.014999999664723873,
            "TextureTags": [
                "",
                "T_Shere_02_C_LGS",
                "",
                ""
            ],
            "TextureUsage": [
                false,
                true,
                false,
                false
            ],
            "Threshold": 0.0,
            "TickPerSecond": 60.0,
            "TileTickPerSec": 60.0,
            "TileX": 1,
            "TileY": 1,
            "isTileLoop": false
        },
        {
            "Animation": true,
            "Billboard": true,
            "CenterColor": [
                1.0,
                0.404183030128479,
                0.20418846607208252,
                1.0
            ],
            "Color": [
                1.0,
                0.1568506807088852,
                0.0,
                -0.05878329277038574
            ],
            "DistortionStrength": 10.0,
            "Duration": 69,
            "EffectType": 0,
            "EmissiveIntensity": 1.75,
            "EndTrack": 69,
            "FlipUV": false,