{
    "EffectObject": [
        {
            "Animation": true,
            "Billboard": false,
            "CenterColor": [
                1.0,
                1.0,
                1.0,
                1.0
            ],
            "Color": [
                0.10555078834295273,
                0.5064331293106079,
                1.0,
                1.0
            ],
            "DistortionStrength": 10.0,
            "Duration": 200,
            "EffectType": 2,
            "EmissiveIntensity": 3.0,
            "EndTrack": 200,
            "FlipUV": false,
            "KeyFrames": [
                {
                    "Color": [
                        0.10471206903457642,
                        0.5078262686729431,
                        1.0,
                        1.0
                    ],
                    "Intensity": 2.0,
                    "Interpolation": 3,
                    "Rotation": [
                        -0.0,
                        -0.7071066498756409,
                        -0.0,
                        0.7071069478988647
                    ],
                    "Scale": [
                        1.0,
                        1.600000023841858,
                        0.30000001192092896
                    ],
                    "TrackPosition": 0.0,
                    "Translation": [
                        0.0,
                        0.0,
                        0.0
                    ]
                },
                {
                    "Color": [
                        0.10588235408067703,
                        0.5058823823928833,
                        1.0,
                        1.0
                    ],
                    "Intensity": 2.0,
                    "Interpolation": 2,
                    "Rotation": [
                        -0.0,
                        -0.7071066498756409,
                        -0.0,
                        0.7071069478988647
                    ],
                    "Scale": [
                        1.0,
                        1.0,
                        1.0
                    ],
                    "TrackPosition": 4.0,
                    "Translation": [
                        0.0,
                        0.0,
                        0.0
                    ]
                },
                {
                    "Color": [
                        0.10588235408067703,
                        0.5058823823928833,
                        1.0,
                        1.0
                    ],
                    "Intensity": 2.0,
                    "Interpolation": 3,
                    "Rotation": [
                        -0.0,
                        -0.7071066498756409,
                        -0.0,
                        0.7071069478988647
                    ],
                    "Scale": [
                        1.0,
                        -0.8999999761581421,
                        0.6000000238418579
                    ],
                    "TrackPosition": 8.0,
                    "Translation": [
                        0.0,
                        0.0,
                        0.0
                    ]
                },
                {
                    "Color": [
                        0.10588235408067703,
                        0.5058823823928833,
                        1.0,
                        1.0
                    ],
                    "Intensity": 2.0,
                    "Interpolation": 2,
                    "Rotation": [
                        -0.0,
                        -0.7071066498756409,
                        -0.0,
                        0.7071069478988647
                    ],
                    "Scale": [
                        1.0,
                        1.0,
                        1.0
                    ],
                    "TrackPosition": 12.0,
                    "Translation": [
                        0.0,
                        0.0,
                        0.0
                    ]
                },
                {
                    "Color": [
                        0.10588235408067703,
                        0.5058823823928833,
                        1.0,
                        1.0
                    ],
                    "Intensity": 2.0,
                    "Interpolation": 0,
                    "Rotation": [
                        -0.0,
                        -0.7071066498756409,
                        -0.0,
                        0.7071069478988647
                    ],
                    "Scale": [
                        1.0,
                        1.600000023841858,
                        0.30000001192092896
                    ],
                    "TrackPosition": 16.0,
                    "Translation": [
                        0.0,
                        0.0,
                        0.0
                    ]
                }
            ],
            "LifeTime": 3816.18701171875,
            "Loop": true,
            "ModelTag": "SM_Butterfly_01_LGS",
            "Name": "Stargazer_Butterfly_superfastsupermany",
            "NumKeyFrames": 5,
            "RenderGroup": 8,
            "ShaderPass": 4,
            "StartTrack": 0,
            "TextureTags": [
                "T_Noise_02_C_LKM",
                "T_butterfly_01_C_GDH",
                "",
                ""
            ],
            "TextureUsage": [
                true,
                true,
                false,
                false
            ],
            "Threshold": 0.8999999761581421,
            "TickPerSecond": 60.0,
            "TileTickPerSec": 60.0,
            "TileX": 1,
            "TileY": 1
        },
        {
            "Accel": [
                0.0,
                0.0
            ],
            "Animation": true,
            "Billboard": false,
            "Center": [
                0.0,
                0.0,
                0.0
            ],
            "CenterColor": [
                0.3019607961177826,
                0.6823529601097107,
                1.0,
                1.0
            ],
            "Color": [
                1.0,
                1.0,
                1.0,
                1.0
            ],
            "DistortionStrength": 10.0,
            "Duration": 200,
            "EffectType": 1,
            "EmissiveIntensity": 0.3499999940395355,
            "EndTrack": 200,
            "FlipUV": false,
            "Gravity": 0.25,
            "IsGravity": true,
            "KeyFrames": [
                {
                    "Color": [
                        1.0,
                        1.0,
                        1.0,
                        1.0
                    ],
                    "Intensity": 1.0,
                    "Interpolation": 0,
                    "Rotation": [
                        0.0,
                        0.0,
                        0.0,
                        0.0
                    ],
                    "Scale": [
                        1.0,
                        1.0,
                        1.0
                    ],
                    "TrackPosition": 0.0,
                    "Translation": [
                        0.0,
                        0.0,
                        0.0
                    ]
                }
            ],
            "LifeTime": 3816.18701171875,
            "LifeTime_Particle": [
                0.30000001192092896,
                1.0
            ],
            "Local": true,
            "Loop": true,
            "MaxLifeTime": 4.0,
            "MaxSpeed": 1000.0,
            "MinSpeed": 0.0,
            "Name": "Stargazer_Butterfly_superfastsupermany",
            "NumInstance": 100,
            "NumKeyFrames": 1,
            "Orbit": true,
            "OrbitAxis": [
                0.5,
                0.0,
                0.5
            ],
            "OrbitSpeed": [
                -135.0,
                135.0
            ],
            "PType": 0,