{
    "EffectObject": [
        {
            "Accel": [
                0.0,
                0.0
            ],
            "Animation": true,
            "Billboard": false,
            "Center": [
                0.0,
                0.0,
                0.0
            ],
            "CenterColor": [
                0.8219895362854004,
                0.8219895362854004,
                0.8219895362854004,
                0.3403141498565674
            ],
            "Color": [
                0.2513089179992676,
                0.2513089179992676,
                0.2513089179992676,
                0.24607330560684204
            ],
            "DistortionStrength": 10.0,
            "Duration": 66,
            "EffectType": 1,
            "EmissiveIntensity": 0.0,
            "EndTrack": 66,
            "FlipUV": false,
            "Gravity": -0.20000000298023224,
            "IsGravity": true,
            "KeyFrames": [
                {
                    "Color": [
                        0.2513089179992676,
                        0.2513089179992676,
                        0.2513089179992676,
                        0.24607330560684204
                    ],
                    "Intensity": 0.800000011920929,
                    "Interpolation": 0,
                    "Rotation": [
                        0.0,
                        0.0,
                        0.0,
                        0.0
                    ],
                    "Scale": [
                        1.0,
                        1.0,
                        1.0
                    ],
                    "TrackPosition": 0.0,
                    "Translation": [
                        0.0,
                        0.0,
                        0.0
                    ]
                }
            ],
            "LifeTime": 918.2592163085938,
            "LifeTime_Particle": [
                1.0,
                1.0
            ],
            "Local": true,
            "Loop": false,
            "MaxLifeTime": 4.0,
            "MaxSpeed": 1000.0,
            "MinSpeed": 0.0,
            "Name": "ButlerRange_Muzzle_SmokeParticle1",
            "NumInstance": 2,
            "NumKeyFrames": 1,
            "Orbit": false,
            "OrbitAxis": [
                0.0,
                0.0,
                0.0
            ],
            "OrbitSpeed": [
                0.0,
                0.0
            ],
            "PType": 0,
            "Pivot": [
                0.0,
                0.0,
                0.0
            ],
            "Range": [
                0.009999999776482582,
                0.009999999776482582,
                0.009999999776482582
            ],
            "RenderGroup": 8,
            "RotationAxis": [
                0.0,
                0.0,
                0.0
            ],
            "RotationSpeed": [
                0.0,
                0.0
            ],
            "ShaderPass": 2,
            "Size": [
                1.0,
                1.2999999523162842
            ],
            "Speed": [
                0.10000000149011612,
                0.30000001192092896
            ],
            "Spin": false,
            "StartTrack": 0,
            "TextureTags": [
                "",
                "T_SubUV_Smoke_05_9x9_SC_KMH",
                "",
                ""
            ],
            "TextureUsage": [
                false,
                true,
                false,
                false
            ],
            "Threshold": 0.0,
            "TickPerSecond": 60.0,
            "TileTickPerSec": 81.0,
            "TileX": 9,
            "TileY": 9,
            "isTileLoop": false
        },
        {
            "Accel": [
                0.0,
                0.0
            ],
            "Animation": true,
            "Billboard": false,
            "Center": [
                0.0,
                0.0,
                0.0
            ],
            "CenterColor": [
                1.0,
                0.2692086696624756,
                0.09947645664215088,
                1.0
            ],
            "Color": [
                1.0,
                0.0,
                0.0,
                1.0
            ],
            "DistortionStrength": 10.0,
            "Duration": 66,
            "EffectType": 1,
            "EmissiveIntensity": 0.6000000238418579,
            "EndTrack": 66,
            "FlipUV": false,
            "Gravity": 9.800000190734863,
            "IsGravity": false,
            "KeyFrames": [
                {
                    "Color": [
                        1.0,
                        0.0,
                        0.0,
                        1.0
                    ],
                    "Intensity": 2.1700000762939453,
                    "Interpolation": 0,
                    "Rotation": [
                        0.0,
                        0.0,
                        0.0,
                        0.0
                    ],
                    "Scale": [
                        1.0,
                        1.0,
                        1.0
                    ],
                    "TrackPosition": 0.0,
                    "Translation": [
                        0.0,
                        0.0,
                        0.0
                    ]
                }
            ],
            "LifeTime": 918.2592163085938,
            "LifeTime_Particle": [
                0.5299999713897705,
                0.5299999713897705
            ],
            "Local": true,
            "Loop": false,
            "MaxLifeTime": 4.0,
            "MaxSpeed": 1000.0,
            "MinSpeed": 0.0,
            "Name": "ButlerRange_Muzzle_FireParticle1",
            "NumInstance": 1,
            "NumKeyFrames": 1,
            "Orbit": false,
            "OrbitAxis": [
                0.0,
                0.0,
                0.0
            ],
            "OrbitSpeed": [
                0.0,
                0.0
            ],
            "PType": 0,
            "Pivot": [
                0.0,
                0.0,
                0.0
            ],
            "Range": [
                0.009999999776482582,
                0.009999999776482582,
                0.009999999776482582
            ],
            "RenderGroup": 8,
            "RotationAxis": [
                0.0,
                0.0,
                0.0
            ],
            "RotationSpeed": [
                0.0,
                0.0
            ],
            "ShaderPass": 2,
            "Size": [
                0.699999988079071,
                0.699999988079071
            ],
            "Speed": [
                0.0,
                0.0
            ],
            "Spin": false,
            "StartTrack": 0,
            "TextureTags": [
                "",
                "T_SubUV_Fire_14_8x4_SC_KMH",
                "",
                ""
            ],
            "TextureUsage": [
                false,
                true,
                false,
                false
            ],
            "Threshold": 0.0,
            "TickPerSecond": 60.0,
            "TileTickPerSec": 60.0,
            "TileX": 8,
            "TileY": 4,
            "isTileLoop": false
        },
        {
            "Accel": [
                -50.0,
                -40.0
            ],
            "Animation": true,
            "Billboard": false,
            "Center": [
                0.0,
                0.0,
                0.0
            ],
            "CenterColor": [
                1.0,
                0.1760094165802002,
                0.05759161710739136,
                1.0
            ],
            "Color": [
                1.0,
                0.0628272294998169,
                0.0,
                1.0
            ],
            "DistortionStrength": 10.0,
            "Duration": 66,
            "EffectType": 1,
            "EmissiveIntensity": 2.25,
            "EndTrack": 66,
            "FlipUV": false,