{
    "EffectObject": [
        {
            "Accel": [
                0.0,
                0.0
            ],
            "Animation": true,
            "Billboard": false,
            "Center": [
                0.0,
                1.5,
                0.0
            ],
            "CenterColor": [
                0.8848167657852173,
                0.3174387216567993,
                0.15750664472579956,
                1.0
            ],
            "Color": [
                1.0,
                0.0890052318572998,
                0.0890052318572998,
                1.0
            ],
            "DistortionStrength": 10.0,
            "Duration": 71,
            "EffectType": 1,
            "EmissiveIntensity": 0.4000000059604645,
            "EndTrack": 71,
            "FlipUV": false,
            "Gravity": 9.800000190734863,
            "IsGravity": false,
            "KeyFrames": [
                {
                    "Color": [
                        1.0,
                        0.0890052318572998,
                        0.0890052318572998,
                        1.0
                    ],
                    "Intensity": 1.6299999952316284,
                    "Interpolation": 0,
                    "Rotation": [
                        0.0,
                        0.0,
                        0.0,
                        0.0
                    ],
                    "Scale": [
                        1.0,
                        1.0,
                        1.0
                    ],
                    "TrackPosition": 0.0,
                    "Translation": [
                        0.0,
                        0.0,
                        0.0
                    ]
                }
            ],
            "LifeTime": 3468.71337890625,
            "LifeTime_Particle": [
                0.4099999964237213,
                1.1799999475479126
            ],
            "Local": true,
            "Loop": true,
            "MaxLifeTime": 3.0,
            "MaxSpeed": 1000.0,
            "MinSpeed": 0.0,
            "Name": "Fuoco_FlameField_BellyFire_Particle1",
            "NumInstance": 50,
            "NumKeyFrames": 1,
            "Orbit": false,
            "OrbitAxis": [
                0.0,
                0.0,
                0.0
            ],
            "OrbitSpeed": [
                0.0,
                0.0
            ],
            "PType": 1,
            "Pivot": [
                0.0,
                2.0,
                0.0
            ],
            "Range": [
                0.4000000059604645,
                0.20000000298023224,
                0.4000000059604645
            ],
            "RenderGroup": 8,
            "RotationAxis": [
                0.0,
                0.0,
                0.0
            ],
            "RotationSpeed": [
                0.0,
                0.0
            ],
            "ShaderPass": 2,
            "Size": [
                0.800000011920929,
                1.2000000476837158
            ],
            "Speed": [
                1.0099999904632568,
                1.4800000190734863
            ],
            "Spin": false,
            "StartTrack": 0,
            "TextureTags": [
                "",
                "T_SubUV_Fire_18_ECD_8x8_SC_LGS",
                "",
                ""
            ],
            "TextureUsage": [
                false,
                true,
                false,
                false
            ],
            "Threshold": 0.0,
            "TickPerSecond": 60.0,
            "TileTickPerSec": 60.0,
            "TileX": 8,
            "TileY": 8,
            "isTileLoop": false
        },
        {
            "Accel": [
                0.0,
                0.0
            ],
            "Animation": true,
            "Billboard": false,
            "Center": [
                0.0,
                0.5,
                0.0
            ],
            "CenterColor": [
                1.0,
                0.3796771168708801,
                0.23560208082199097,
                1.0
            ],
            "Color": [
                1.0,
                0.0,
                0.0,
                1.0
            ],
            "DistortionStrength": 10.0,
            "Duration": 71,
            "EffectType": 1,
            "EmissiveIntensity": 0.25,
            "EndTrack": 71,
            "FlipUV": false,
            "Gravity": 9.800000190734863,
            "IsGravity": false,
            "KeyFrames": [
                {
                    "Color": [
                        1.0,
                        0.0,
                        0.0,
                        1.0
                    ],
                    "Intensity": 1.559999942779541,
                    "Interpolation": 0,
                    "Rotation": [
                        0.0,
                        0.0,
                        0.0,
                        0.0
                    ],
                    "Scale": [
                        1.0,
                        1.0,
                        1.0
                    ],
                    "TrackPosition": 0.0,
                    "Translation": [
                        0.0,
                        0.0,
                        0.0
                    ]
                }
            ],
            "LifeTime": 810.3478393554688,
            "LifeTime_Particle": [
                0.5199999809265137,
                1.0
            ],
            "Local": true,
            "Loop": true,
            "MaxLifeTime": 1.0,
            "MaxSpeed": 1000.0,
            "MinSpeed": 0.0,
            "Name": "Fuoco_FlameField_BellyFire_Particle2",
            "NumInstance": 8,
            "NumKeyFrames": 1,
            "Orbit": false,
            "OrbitAxis": [
                0.0,
                0.0,
                0.0
            ],
            "OrbitSpeed": [
                0.0,
                0.0
            ],
            "PType": 0,
            "Pivot": [
                0.0,
                0.0,
                0.0
            ],
            "Range": [
                0.019999999552965164,
                0.009999999776482582,
                0.009999999776482582
            ],
            "RenderGroup": 8,
            "RotationAxis": [
                0.0,
                0.0,
                0.0
            ],
            "RotationSpeed": [
                0.0,
                0.0
            ],
            "ShaderPass": 2,
            "Size": [
                0.23999999463558197,
                1.4299999475479126
            ],
            "Speed": [
                0.0,
                0.0
            ],
            "Spin": false,
            "StartTrack": 0,
            "TextureTags": [
                "",
                "T_SubUV_Fire_06_8x8_SC_KMH",
                "",
                ""
            ],
            "TextureUsage": [
                false,
                true,
                false,
                false
            ],
            "Threshold": 0.0,
            "TickPerSecond": 60.0,
            "TileTickPerSec": 60.0,
            "TileX": 8,
            "TileY": 8,
            "isTileLoop": true
        }
    ],
    "Loop": false,
    "MaxFrame": 70
}