{
    "EffectObject": [
        {
            "Accel": [
                -25.0,
                -20.0
            ],
            "Animation": true,
            "Billboard": false,
            "Center": [
                0.0,
                0.0,
                0.0
            ],
            "CenterColor": [
                1.0,
                0.44795918464660645,
                0.23036646842956543,
                1.0
            ],
            "Color": [
                1.0,
                0.0628272294998169,
                0.0,
                1.0
            ],
            "DistortionStrength": 10.0,
            "Duration": 124,
            "EffectType": 1,
            "EmissiveIntensity": 1.75,
            "EndTrack": 124,
            "FlipUV": false,
            "Gravity": 9.800000190734863,
            "IsGravity": true,
            "KeyFrames": [
                {
                    "Color": [
                        1.0,
                        0.0628272294998169,
                        0.0,
                        1.0
                    ],
                    "Intensity": 2.430000066757202,
                    "Interpolation": 0,
                    "Rotation": [
                        0.0,
                        0.0,
                        0.0,
                        0.0
                    ],
                    "Scale": [
                        0.800000011920929,
                        0.800000011920929,
                        0.800000011920929
                    ],
                    "TrackPosition": 0.0,
                    "Translation": [
                        0.0,
                        0.0,
                        0.0
                    ]
                }
            ],
            "LifeTime": 8257.73828125,
            "LifeTime_Particle": [
                0.05000000074505806,
                0.4000000059604645
            ],
            "Local": true,
            "Loop": false,
            "MaxLifeTime": 4.0,
            "MaxSpeed": 1000.0,
            "MinSpeed": 5.0,
            "Name": "Fes_onehandslam_Spark1",
            "NumInstance": 300,
            "NumKeyFrames": 1,
            "Orbit": true,
            "OrbitAxis": [
                0.0,
                1.0,
                0.0
            ],
            "OrbitSpeed": [
                -30.0,
                30.0
            ],
            "PType": 0,
            "Pivot": [
                0.0,
                -0.11999999731779099,
                0.0
            ],
            "Range": [
                0.20000000298023224,
                0.20000000298023224,
                0.20000000298023224
            ],
            "RenderGroup": 8,
            "RotationAxis": [
                0.0,
                0.0,
                0.0
            ],
            "RotationSpeed": [
                0.0,
                0.0
            ],
            "ShaderPass": 3,
            "ShrinkThreshold": 0.009999999776482582,
            "Size": [
                0.004999999888241291,
                0.009999999776482582
            ],
            "Speed": [
                10.0,
                15.0
            ],
            "Spin": false,
            "StartTrack": 0,
            "StretchFactor": 0.014999999664723873,
            "TextureTags": [
                "",
                "T_Shere_07_C_LGS",
                "",
                ""
            ],
            "TextureUsage": [
                false,
                true,
                false,
                false
            ],
            "Threshold": 0.0,
            "TickPerSecond": 60.0,
            "TileTickPerSec": 60.0,
            "TileX": 1,
            "TileY": 1,
            "isTileLoop": false
        },
        {
            "Accel": [
                -2.0,
                -0.5
            ],
            "Animation": true,
            "Billboard": false,
            "Center": [
                0.0,
                0.0,
                0.0
            ],
            "CenterColor": [
                0.0,
                0.0,
                0.0,
                1.0
            ],
            "Color": [
                0.27225130796432495,
                0.24999715387821198,
                0.21238452196121216,
                0.4921466112136841
            ],
            "DistortionStrength": 10.0,
            "Duration": 124,
            "EffectType": 1,
            "EmissiveIntensity": 0.0,
            "EndTrack": 124,
            "FlipUV": false,
            "Gravity": 9.800000190734863,
            "IsGravity": false,
            "KeyFrames": [
                {
                    "Color": [
                        0.27225130796432495,
                        0.24999715387821198,
                        0.21238452196121216,
                        0.4921466112136841
                    ],
                    "Intensity": 1.0,
                    "Interpolation": 0,
                    "Rotation": [
                        0.0,
                        0.0,
                        0.0,
                        0.0
                    ],
                    "Scale": [
                        1.0,
                        1.0,
                        1.0
                    ],
                    "TrackPosition": 0.0,
                    "Translation": [
                        0.0,
                        0.0,
                        0.0
                    ]
                }
            ],
            "LifeTime": 2623.12060546875,
            "LifeTime_Particle": [
                0.699999988079071,
                1.100000023841858
            ],
            "Local": true,
            "Loop": false,
            "MaxLifeTime": 0.800000011920929,
            "MaxSpeed": 1000.0,
            "MinSpeed": 0.30000001192092896,
            "Name": "Fes_onehandslam_Smoke1",
            "NumInstance": 16,
            "NumKeyFrames": 1,
            "Orbit": false,
            "OrbitAxis": [
                0.0,
                1.0,
                0.0
            ],
            "OrbitSpeed": [
                -30.0,
                30.0
            ],
            "PType": 0,
            "Pivot": [
                0.0,
                -0.5,
                0.0
            ],
            "Range": [
                3.0,
                1.0,
                3.0
            ],
            "RenderGroup": 8,
            "RotationAxis": [
                0.0,
                0.0,
                0.0
            ],
            "RotationSpeed": [
                0.0,
                0.0
            ],
            "ShaderPass": 2,
            "ShrinkThreshold": 0.009999999776482582,
            "Size": [
                2.0,
                3.5
            ],
            "Speed": [
                1.5399999618530273,
                2.0
            ],
            "Spin": false,
            "StartTrack": 0,
            "StretchFactor": 0.014999999664723873,
            "TextureTags": [
                "",
                "T_Smoke_04_C_LGS",
                "",
                ""
            ],
            "TextureUsage": [
                false,
                true,
                false,
                false
            ],
            "Threshold": 0.0,
            "TickPerSecond": 60.0,
            "TileTickPerSec": 60.0,
            "TileX": 1,
            "TileY": 1,
            "isTileLoop": false
        },
        {
            "Accel": [
                -8.0,
                -5.0
            ],
            "Animation": true,
            "Billboard": false,
            "Center": [
                0.0,
                0.0,
                0.0
            ],
            "CenterColor": [
                1.0,
                1.0,
                1.0,
                1.0
            ],
            "Color": [
                0.3036649227142334,
                0.3036649227142334,
                0.3036649227142334,
                1.0
            ],
            "DistortionStrength": 10.0,