{
    "EffectObject": [
        {
            "Accel": [
                -3.0,
                -1.0
            ],
            "Animation": false,
            "Billboard": false,
            "Center": [
                0.0,
                0.0,
                0.0
            ],
            "CenterColor": [
                1.0,
                0.3769633173942566,
                0.0,
                1.0
            ],
            "Color": [
                1.0,
                0.0,
                0.0,
                1.0
            ],
            "Duration": 91,
            "EffectType": 1,
            "EmissiveIntensity": 0.0,
            "EndTrack": 91,
            "FlipUV": false,
            "Gravity": -0.30000001192092896,
            "IsGravity": true,
            "KeyFrames": [
                {
                    "Color": [
                        1.0,
                        0.0,
                        0.0,
                        1.0
                    ],
                    "Intensity": 1.1200000047683716,
                    "Interpolation": 0,
                    "Rotation": [
                        0.0,
                        0.0,
                        0.0,
                        0.0
                    ],
                    "Scale": [
                        1.0,
                        1.0,
                        1.0
                    ],
                    "TrackPosition": 0.0,
                    "Translation": [
                        0.0,
                        0.0,
                        0.0
                    ]
                }
            ],
            "LifeTime": 2201.966796875,
            "LifeTime_Particle": [
                0.38999998569488525,
                1.2000000476837158
            ],
            "Local": true,
            "Loop": true,
            "MaxLifeTime": 1.2000000476837158,
            "MaxSpeed": 1000.0,
            "MinSpeed": 0.30000001192092896,
            "Name": "Fuoco_BellyFire_tickParticle1",
            "NumInstance": 50,
            "NumKeyFrames": 1,
            "Orbit": true,
            "OrbitAxis": [
                0.40824827551841736,
                0.8164965510368347,
                0.40824827551841736
            ],
            "OrbitSpeed": [
                -45.0,
                45.0
            ],
            "PType": 0,
            "Pivot": [
                0.0,
                -0.029999999329447746,
                0.0
            ],
            "Range": [
                0.30000001192092896,
                0.30000001192092896,
                0.30000001192092896
            ],
            "RenderGroup": 8,
            "RotationAxis": [
                0.0,
                0.0,
                0.0
            ],
            "RotationSpeed": [
                0.0,
                0.0
            ],
            "ShaderPass": 3,
            "Size": [
                0.019999999552965164,
                0.05000000074505806
            ],
            "Speed": [
                1.0,
                1.399999976158142
            ],
            "Spin": false,
            "StartTrack": 0,
            "TextureTags": [
                "",
                "T_Shere_07_C_LGS",
                "",
                ""
            ],
            "TextureUsage": [
                false,
                true,
                false,
                false
            ],
            "Threshold": 0.0,
            "TickPerSecond": 60.0,
            "TileTickPerSec": 60.0,
            "TileX": 1,
            "TileY": 1,
            "isTileLoop": false
        },
        {
            "Animation": true,
            "Billboard": true,
            "CenterColor": [
                1.0,
                0.18848168849945068,
                0.0,
                1.0
            ],
            "Color": [
                1.0,
                0.0,
                0.0,
                1.0
            ],
            "Duration": 81,
            "EffectType": 0,
            "EmissiveIntensity": 0.699999988079071,
            "EndTrack": 81,
            "FlipUV": false,
            "KeyFrames": [
                {
                    "Color": [
                        1.0,
                        0.0,
                        0.0,
                        1.0
                    ],
                    "Intensity": 2.740000009536743,
                    "Interpolation": 0,
                    "Rotation": [
                        0.0,
                        0.0,
                        0.0,
                        0.0
                    ],
                    "Scale": [
                        1.0,
                        1.0,
                        1.0
                    ],
                    "TrackPosition": 0.0,
                    "Translation": [
                        0.0,
                        0.0,
                        0.0
                    ]
                }
            ],
            "LifeTime": 0.0,
            "Loop": true,
            "Name": "Sprite",
            "NumKeyFrames": 1,
            "RenderGroup": 8,
            "ShaderPass": 5,
            "StartTrack": 0,
            "TextureTags": [
                "",
                "T_SubUV_Fire_07_9x9_SC_KMH",
                "",
                ""
            ],
            "TextureUsage": [
                false,
                true,
                false,
                false
            ],
            "Threshold": 0.0,
            "TickPerSecond": 60.0,
            "TileTickPerSec": 60.0,
            "TileX": 9,
            "TileY": 9
        },
        {
            "Animation": true,
            "Billboard": true,
            "CenterColor": [
                1.0,
                0.1256544589996338,
                0.0,
                1.0
            ],
            "Color": [
                0.6963350772857666,
                0.0,
                0.0,
                1.0
            ],
            "Duration": 81,
            "EffectType": 0,
            "EmissiveIntensity": 1.25,
            "EndTrack": 81,
            "FlipUV": false,
            "KeyFrames": [
                {
                    "Color": [
                        0.6963350772857666,
                        0.0,
                        0.0,
                        1.0
                    ],
                    "Intensity": 4.489999771118164,
                    "Interpolation": 0,
                    "Rotation": [
                        0.0,
                        0.0,
                        0.0,
                        0.0
                    ],
                    "Scale": [
                        0.800000011920929,
                        0.800000011920929,
                        0.800000011920929
                    ],
                    "TrackPosition": 0.0,
                    "Translation": [
                        0.0,
                        0.0,
                        0.0
                    ]
                }
            ],
            "LifeTime": 0.0,
            "Loop": true,
            "Name": "Sprite",
            "NumKeyFrames": 1,
            "RenderGroup": 8,
            "ShaderPass": 5,
            "StartTrack": 0,
            "TextureTags": [
                "",
                "T_SubUV_Fire_10_9x9_SC_KMH",
                "",
                ""
            ],
            "TextureUsage": [
                false,
                true,
                false,
                false
            ],
            "Threshold": 0.0,
            "TickPerSecond": 60.0,
            "TileTickPerSec": 60.0,
            "TileX": 9,
            "TileY": 9
        }
    ],
    "Loop": true,
    "MaxFrame": 81
}