{
    "EffectObject": [
        {
            "Accel": [
                -20.0,
                -14.829999923706055
            ],
            "Animation": true,
            "Billboard": false,
            "Center": [
                0.0,
                0.0,
                0.0
            ],
            "CenterColor": [
                1.0,
                0.44795918464660645,
                0.23036646842956543,
                1.0
            ],
            "Color": [
                1.0,
                0.0628272294998169,
                0.0,
                1.0
            ],
            "Duration": 112,
            "EffectType": 1,
            "EmissiveIntensity": 1.75,
            "EndTrack": 112,
            "FlipUV": false,
            "Gravity": 12.600000381469727,
            "IsGravity": true,
            "KeyFrames": [
                {
                    "Color": [
                        1.0,
                        0.0628272294998169,
                        0.0,
                        1.0
                    ],
                    "Intensity": 2.430000066757202,
                    "Interpolation": 0,
                    "Rotation": [
                        0.0,
                        0.0,
                        0.0,
                        0.0
                    ],
                    "Scale": [
                        0.800000011920929,
                        0.800000011920929,
                        0.800000011920929
                    ],
                    "TrackPosition": 0.0,
                    "Translation": [
                        0.0,
                        0.0,
                        0.0
                    ]
                }
            ],
            "LifeTime": 6654.6220703125,
            "LifeTime_Particle": [
                0.2199999988079071,
                0.6100000143051147
            ],
            "Local": true,
            "Loop": false,
            "MaxLifeTime": 4.0,
            "MaxSpeed": 1000.0,
            "MinSpeed": 3.0,
            "Name": "Fuoco_DefaultSlam_Small_SparkParticle1",
            "NumInstance": 150,
            "NumKeyFrames": 1,
            "Orbit": true,
            "OrbitAxis": [
                0.0,
                1.0,
                0.0
            ],
            "OrbitSpeed": [
                -30.0,
                30.0
            ],
            "PType": 0,
            "Pivot": [
                0.0,
                -0.11999999731779099,
                0.0
            ],
            "Range": [
                0.20000000298023224,
                0.20000000298023224,
                0.20000000298023224
            ],
            "RenderGroup": 8,
            "RotationAxis": [
                0.0,
                0.0,
                0.0
            ],
            "RotationSpeed": [
                0.0,
                0.0
            ],
            "ShaderPass": 3,
            "Size": [
                0.019999999552965164,
                0.03999999910593033
            ],
            "Speed": [
                10.0,
                14.0
            ],
            "Spin": false,
            "StartTrack": 0,
            "TextureTags": [
                "",
                "T_Shere_07_C_LGS",
                "",
                ""
            ],
            "TextureUsage": [
                false,
                true,
                false,
                false
            ],
            "Threshold": 0.0,
            "TickPerSecond": 60.0,
            "TileTickPerSec": 60.0,
            "TileX": 1,
            "TileY": 1,
            "isTileLoop": false
        },
        {
            "Accel": [
                -2.0,
                0.0
            ],
            "Animation": true,
            "Billboard": false,
            "Center": [
                0.0,
                1.0,
                0.0
            ],
            "CenterColor": [
                0.0,
                0.0,
                0.0,
                1.0
            ],
            "Color": [
                0.27225130796432495,
                0.24999715387821198,
                0.21238452196121216,
                0.4921466112136841
            ],
            "Duration": 114,
            "EffectType": 1,
            "EmissiveIntensity": 0.0,
            "EndTrack": 114,
            "FlipUV": false,
            "Gravity": 9.800000190734863,
            "IsGravity": false,
            "KeyFrames": [
                {
                    "Color": [
                        0.27225130796432495,
                        0.24999715387821198,
                        0.21238452196121216,
                        0.4921466112136841
                    ],
                    "Intensity": 1.0,
                    "Interpolation": 0,
                    "Rotation": [
                        0.0,
                        0.0,
                        0.0,
                        0.0
                    ],
                    "Scale": [
                        1.0,
                        1.0,
                        1.0
                    ],
                    "TrackPosition": 0.0,
                    "Translation": [
                        0.0,
                        0.0,
                        0.0
                    ]
                }
            ],
            "LifeTime": 1006.8927001953125,
            "LifeTime_Particle": [
                1.5,
                1.7999999523162842
            ],
            "Local": true,
            "Loop": false,
            "MaxLifeTime": 0.800000011920929,
            "MaxSpeed": 1000.0,
            "MinSpeed": 0.0,
            "Name": "Fuoco_DefaultSlam_Small_DustParticle1",
            "NumInstance": 16,
            "NumKeyFrames": 1,
            "Orbit": false,
            "OrbitAxis": [
                0.0,
                1.0,
                0.0
            ],
            "OrbitSpeed": [
                -30.0,
                30.0
            ],
            "PType": 0,
            "Pivot": [
                0.0,
                0.0,
                0.0
            ],
            "Range": [
                4.0,
                4.0,
                4.0
            ],
            "RenderGroup": 8,
            "RotationAxis": [
                0.0,
                0.0,
                0.0
            ],
            "RotationSpeed": [
                0.0,
                0.0
            ],
            "ShaderPass": 2,
            "Size": [
                2.0,
                3.5
            ],
            "Speed": [
                1.5399999618530273,
                2.0
            ],
            "Spin": false,
            "StartTrack": 0,
            "TextureTags": [
                "",
                "T_Smoke_04_C_LGS",
                "",
                ""
            ],
            "TextureUsage": [
                false,
                true,
                false,
                false
            ],
            "Threshold": 0.0,
            "TickPerSecond": 60.0,
            "TileTickPerSec": 60.0,
            "TileX": 1,
            "TileY": 1,
            "isTileLoop": false
        }
    ],
    "Loop": false,
    "MaxFrame": 110
}