{
    "EffectObject": [
        {
            "Accel": [
                -10.0,
                0.0
            ],
            "Animation": true,
            "Billboard": false,
            "Center": [
                0.0,
                0.0,
                0.0
            ],
            "CenterColor": [
                0.0,
                0.0,
                0.0,
                0.09424084424972534
            ],
            "Color": [
                0.18324607610702515,
                0.1761133372783661,
                0.16405801475048065,
                0.3298429250717163
            ],
            "DistortionStrength": 10.0,
            "Duration": 124,
            "EffectType": 1,
            "EmissiveIntensity": 0.0,
            "EndTrack": 124,
            "FlipUV": false,
            "Gravity": -0.6000000238418579,
            "IsGravity": true,
            "KeyFrames": [
                {
                    "Color": [
                        0.18324607610702515,
                        0.1761133372783661,
                        0.16405801475048065,
                        0.3298429250717163
                    ],
                    "Intensity": 0.6000000238418579,
                    "Interpolation": 0,
                    "Rotation": [
                        0.0,
                        0.0,
                        0.0,
                        0.0
                    ],
                    "Scale": [
                        1.0,
                        1.0,
                        1.0
                    ],
                    "TrackPosition": 0.0,
                    "Translation": [
                        0.0,
                        0.0,
                        0.0
                    ]
                }
            ],
            "LifeTime": 2565.41748046875,
            "LifeTime_Particle": [
                0.800000011920929,
                1.2000000476837158
            ],
            "Local": true,
            "Loop": false,
            "MaxLifeTime": 0.800000011920929,
            "MaxSpeed": 1000.0,
            "MinSpeed": 0.5,
            "Name": "Fes_Falling_SmokeParticle1",
            "NumInstance": 130,
            "NumKeyFrames": 1,
            "Orbit": false,
            "OrbitAxis": [
                0.0,
                1.0,
                0.0
            ],
            "OrbitSpeed": [
                -30.0,
                30.0
            ],
            "PType": 0,
            "Pivot": [
                0.0,
                0.0,
                0.0
            ],
            "Range": [
                1.0,
                0.009999999776482582,
                1.0
            ],
            "RenderGroup": 8,
            "RotationAxis": [
                0.0,
                0.0,
                0.0
            ],
            "RotationSpeed": [
                0.0,
                0.0
            ],
            "ShaderPass": 2,
            "ShrinkThreshold": 0.009999999776482582,
            "Size": [
                1.5,
                3.5
            ],
            "Speed": [
                4.0,
                5.0
            ],
            "Spin": false,
            "StartTrack": 0,
            "StretchFactor": 0.014999999664723873,
            "TextureTags": [
                "",
                "T_Smoke_04_C_LGS",
                "",
                ""
            ],
            "TextureUsage": [
                false,
                true,
                false,
                false
            ],
            "Threshold": 0.0,
            "TickPerSecond": 60.0,
            "TileTickPerSec": 60.0,
            "TileX": 1,
            "TileY": 1,
            "isTileLoop": false
        }
    ],
    "Loop": false,
    "MaxFrame": 120
}