{
    "EffectObject": [
        {
            "Accel": [
                -9.550000190734863,
                -8.0
            ],
            "Animation": true,
            "Billboard": false,
            "Center": [
                0.0,
                0.0,
                0.0
            ],
            "CenterColor": [
                1.0,
                0.44795918464660645,
                0.23036646842956543,
                1.0
            ],
            "Color": [
                1.0,
                0.0628272294998169,
                0.0,
                1.0
            ],
            "DistortionStrength": 10.0,
            "Duration": 124,
            "EffectType": 1,
            "EmissiveIntensity": 1.0499999523162842,
            "EndTrack": 124,
            "FlipUV": false,
            "Gravity": 9.800000190734863,
            "IsGravity": true,
            "KeyFrames": [
                {
                    "Color": [
                        1.0,
                        0.0628272294998169,
                        0.0,
                        1.0
                    ],
                    "Intensity": 2.430000066757202,
                    "Interpolation": 0,
                    "Rotation": [
                        0.0,
                        0.0,
                        0.0,
                        0.0
                    ],
                    "Scale": [
                        0.800000011920929,
                        0.800000011920929,
                        0.800000011920929
                    ],
                    "TrackPosition": 0.0,
                    "Translation": [
                        0.0,
                        0.0,
                        0.0
                    ]
                }
            ],
            "LifeTime": 12109.189453125,
            "LifeTime_Particle": [
                0.2199999988079071,
                1.0
            ],
            "Local": true,
            "Loop": false,
            "MaxLifeTime": 4.0,
            "MaxSpeed": 1000.0,
            "MinSpeed": 1.0,
            "Name": "Fes_Scratch_Spark1",
            "NumInstance": 200,
            "NumKeyFrames": 1,
            "Orbit": true,
            "OrbitAxis": [
                0.0,
                1.0,
                0.0
            ],
            "OrbitSpeed": [
                -30.0,
                30.0
            ],
            "PType": 0,
            "Pivot": [
                0.0,
                -0.11999999731779099,
                -0.30000001192092896
            ],
            "Range": [
                0.20000000298023224,
                0.20000000298023224,
                0.20000000298023224
            ],
            "RenderGroup": 8,
            "RotationAxis": [
                0.0,
                0.0,
                0.0
            ],
            "RotationSpeed": [
                0.0,
                0.0
            ],
            "ShaderPass": 3,
            "ShrinkThreshold": 0.009999999776482582,
            "Size": [
                0.004000000189989805,
                0.014000000432133675
            ],
            "Speed": [
                5.0,
                10.0
            ],
            "Spin": false,
            "StartTrack": 0,
            "StretchFactor": 0.014999999664723873,
            "TextureTags": [
                "",
                "T_Shere_07_C_LGS",
                "",
                ""
            ],
            "TextureUsage": [
                false,
                true,
                false,
                false
            ],
            "Threshold": 0.0,
            "TickPerSecond": 60.0,
            "TileTickPerSec": 60.0,
            "TileX": 1,
            "TileY": 1,
            "isTileLoop": false
        },
        {
            "Accel": [
                -2.0,
                0.0
            ],
            "Animation": true,
            "Billboard": false,
            "Center": [
                0.0,
                0.0,
                0.0
            ],
            "CenterColor": [
                0.3141361474990845,
                0.29290154576301575,
                0.28453168272972107,
                0.3507853150367737
            ],
            "Color": [
                0.6335078477859497,
                0.6199454069137573,
                0.5970231294631958,
                0.3507853150367737
            ],
            "DistortionStrength": 10.0,
            "Duration": 124,
            "EffectType": 1,
            "EmissiveIntensity": 0.0,
            "EndTrack": 124,
            "FlipUV": false,
            "Gravity": 9.800000190734863,
            "IsGravity": false,
            "KeyFrames": [
                {
                    "Color": [
                        0.6335078477859497,
                        0.6199454069137573,
                        0.5970231294631958,
                        0.3507853150367737
                    ],
                    "Intensity": 1.0,
                    "Interpolation": 0,
                    "Rotation": [
                        0.0,
                        0.0,
                        0.0,
                        0.0
                    ],
                    "Scale": [
                        1.0,
                        1.0,
                        1.0
                    ],
                    "TrackPosition": 0.0,
                    "Translation": [
                        0.0,
                        0.0,
                        0.0
                    ]
                }
            ],
            "LifeTime": 6484.33642578125,
            "LifeTime_Particle": [
                0.30000001192092896,
                1.399999976158142
            ],
            "Local": true,
            "Loop": false,
            "MaxLifeTime": 0.800000011920929,
            "MaxSpeed": 1000.0,
            "MinSpeed": 0.10000000149011612,
            "Name": "Fes_Scratch_Smoke1",
            "NumInstance": 20,
            "NumKeyFrames": 1,
            "Orbit": false,
            "OrbitAxis": [
                0.0,
                1.0,
                0.0
            ],
            "OrbitSpeed": [
                -30.0,
                30.0
            ],
            "PType": 0,
            "Pivot": [
                0.0,
                -0.10000000149011612,
                -0.5
            ],
            "Range": [
                0.5,
                0.5,
                0.5
            ],
            "RenderGroup": 8,
            "RotationAxis": [
                0.0,
                0.0,
                0.0
            ],
            "RotationSpeed": [
                0.0,
                0.0
            ],
            "ShaderPass": 2,
            "ShrinkThreshold": 0.009999999776482582,
            "Size": [
                1.0,
                2.0
            ],
            "Speed": [
                1.5399999618530273,
                2.5
            ],
            "Spin": false,
            "StartTrack": 0,
            "StretchFactor": 0.014999999664723873,
            "TextureTags": [
                "",
                "T_SubUV_Smoke_12_8x8_SC_KMH",
                "",
                ""
            ],
            "TextureUsage": [
                false,
                true,
                false,
                false
            ],
            "Threshold": 0.0,
            "TickPerSecond": 60.0,
            "TileTickPerSec": 60.0,
            "TileX": 8,
            "TileY": 8,
            "isTileLoop": false
        },
        {
            "Accel": [
                -8.0,
                -5.0
            ],
            "Animation": true,
            "Billboard": false,
            "Center": [
                0.0,
                0.0,
                0.0
            ],
            "CenterColor": [
                1.0,
                1.0,
                1.0,
                1.0
            ],