{
    "EffectObject": [
        {
            "Accel": [
                0.0,
                0.0
            ],
            "Animation": true,
            "Billboard": false,
            "Center": [
                0.0,
                0.0,
                0.0
            ],
            "CenterColor": [
                0.0,
                0.0,
                0.0,
                0.16230368614196777
            ],
            "Color": [
                0.1780104637145996,
                0.15775062143802643,
                0.15564265847206116,
                0.2774869203567505
            ],
            "DistortionStrength": 10.0,
            "Duration": 114,
            "EffectType": 1,
            "EmissiveIntensity": 0.0,
            "EndTrack": 114,
            "FlipUV": false,
            "Gravity": -2.0,
            "IsCircleRange": false,
            "IsGravity": true,
            "KeyFrames": [
                {
                    "Color": [
                        0.1780104637145996,
                        0.15775062143802643,
                        0.15564265847206116,
                        0.2774869203567505
                    ],
                    "Intensity": 1.0,
                    "Interpolation": 0,
                    "Rotation": [
                        0.0,
                        0.0,
                        0.0,
                        0.0
                    ],
                    "Scale": [
                        1.0,
                        1.0,
                        1.0
                    ],
                    "TrackPosition": 0.0,
                    "Translation": [
                        0.0,
                        0.0,
                        0.0
                    ]
                }
            ],
            "LifeTime": 2458.438232421875,
            "LifeTime_Particle": [
                0.20000000298023224,
                1.5
            ],
            "Local": true,
            "Loop": true,
            "MaxLifeTime": 0.800000011920929,
            "MaxSpeed": 1000.0,
            "MinSpeed": 1.0,
            "Name": "Fes_P2_HeadSmoke1",
            "NumInstance": 80,
            "NumKeyFrames": 1,
            "Orbit": true,
            "OrbitAxis": [
                0.0,
                1.0,
                0.0
            ],
            "OrbitSpeed": [
                -30.0,
                30.0
            ],
            "PType": 0,
            "Pivot": [
                0.0,
                -0.38999998569488525,
                0.0
            ],
            "Range": [
                0.10000000149011612,
                0.10000000149011612,
                0.10000000149011612
            ],
            "RenderGroup": 8,
            "RotationAxis": [
                0.0,
                0.0,
                0.0
            ],
            "RotationSpeed": [
                0.0,
                0.0
            ],
            "ShaderPass": 2,
            "ShrinkThreshold": 0.009999999776482582,
            "Size": [
                0.800000011920929,
                1.2999999523162842
            ],
            "Speed": [
                0.5,
                1.0
            ],
            "Spin": false,
            "StartTrack": 0,
            "StretchFactor": 0.014999999664723873,
            "TextureTags": [
                "",
                "T_SubUV_Smoke_05_9x9_SC_KMH",
                "",
                ""
            ],
            "TextureUsage": [
                false,
                true,
                false,
                false
            ],
            "Threshold": 0.0,
            "TickPerSecond": 60.0,
            "TileTickPerSec": 60.0,
            "TileX": 9,
            "TileY": 9,
            "isTileLoop": true
        },
        {
            "Accel": [
                -1.0,
                -0.5
            ],
            "Animation": true,
            "Billboard": false,
            "Center": [
                0.0,
                0.0,
                0.0
            ],
            "CenterColor": [
                1.0,
                0.3201941251754761,
                0.16230368614196777,
                1.0
            ],
            "Color": [
                1.0,
                0.0,
                0.0,
                1.0
            ],
            "DistortionStrength": 10.0,
            "Duration": 20,
            "EffectType": 1,
            "EmissiveIntensity": 0.800000011920929,
            "EndTrack": 20,
            "FlipUV": false,
            "Gravity": -2.0,
            "IsCircleRange": false,
            "IsGravity": true,
            "KeyFrames": [
                {
                    "Color": [
                        1.0,
                        0.0,
                        0.0,
                        1.0
                    ],
                    "Intensity": 1.5700000524520874,
                    "Interpolation": 0,
                    "Rotation": [
                        0.0,
                        0.0,
                        0.0,
                        0.0
                    ],
                    "Scale": [
                        1.0,
                        1.0,
                        1.0
                    ],
                    "TrackPosition": 0.0,
                    "Translation": [
                        0.0,
                        0.0,
                        0.0
                    ]
                }
            ],
            "LifeTime": 679.900390625,
            "LifeTime_Particle": [
                0.20000000298023224,
                1.5
            ],
            "Local": true,
            "Loop": true,
            "MaxLifeTime": 1.5,
            "MaxSpeed": 1000.0,
            "MinSpeed": 0.0,
            "Name": "Fes_P2_HeadParticle1",
            "NumInstance": 20,
            "NumKeyFrames": 1,
            "Orbit": true,
            "OrbitAxis": [
                0.30151134729385376,
                0.9045339822769165,
                0.30151134729385376
            ],
            "OrbitSpeed": [
                -180.0,
                180.0
            ],
            "PType": 0,
            "Pivot": [
                0.0,
                -0.20000000298023224,
                0.0
            ],
            "Range": [
                0.10000000149011612,
                0.10000000149011612,
                0.10000000149011612
            ],
            "RenderGroup": 8,
            "RotationAxis": [
                0.0,
                0.0,
                0.0
            ],
            "RotationSpeed": [
                0.0,
                0.0
            ],
            "ShaderPass": 3,
            "ShrinkThreshold": 0.009999999776482582,
            "Size": [
                0.009999999776482582,
                0.019999999552965164
            ],
            "Speed": [
                1.5399999618530273,
                2.0
            ],
            "Spin": false,
            "StartTrack": 0,
            "StretchFactor": 0.008999999612569809,
            "TextureTags": [
                "",
                "T_Shere_03_C_HJS",
                "",
                ""
            ],
            "TextureUsage": [
                false,
                true,
                false,
                false
            ],
            "Threshold": 0.0,
            "TickPerSecond": 60.0,
            "TileTickPerSec": 60.0,
            "TileX": 1,
            "TileY": 1,
            "isTileLoop": false
        }
    ],
    "Loop": true,
    "MaxFrame": 12
}