{
    "EffectObject": [
        {
            "Accel": [
                0.0,
                0.0
            ],
            "Animation": true,
            "Billboard": false,
            "Center": [
                0.0,
                0.0,
                0.0
            ],
            "CenterColor": [
                0.7068063020706177,
                0.4191510081291199,
                0.16282446682453156,
                1.0
            ],
            "Color": [
                1.0,
                0.09424084424972534,
                0.0,
                0.0
            ],
            "DistortionStrength": 10.0,
            "Duration": 74,
            "EffectType": 1,
            "EmissiveIntensity": 0.44999998807907104,
            "EndTrack": 74,
            "FlipUV": false,
            "Gravity": 9.800000190734863,
            "IsGravity": false,
            "KeyFrames": [
                {
                    "Color": [
                        1.0,
                        0.09424084424972534,
                        0.0,
                        0.0
                    ],
                    "Intensity": 1.3600000143051147,
                    "Interpolation": 0,
                    "Rotation": [
                        0.0,
                        0.0,
                        0.0,
                        0.0
                    ],
                    "Scale": [
                        1.0,
                        1.0,
                        1.0
                    ],
                    "TrackPosition": 0.0,
                    "Translation": [
                        0.0,
                        0.0,
                        0.0
                    ]
                }
            ],
            "LifeTime": 4798.47412109375,
            "LifeTime_Particle": [
                0.05999999865889549,
                0.6700000166893005
            ],
            "Local": true,
            "Loop": true,
            "MaxLifeTime": 1.0,
            "MaxSpeed": 1000.0,
            "MinSpeed": 0.0,
            "Name": "FIREBALLPARTICLE",
            "NumInstance": 45,
            "NumKeyFrames": 1,
            "Orbit": false,
            "OrbitAxis": [
                0.0,
                0.0,
                0.0
            ],
            "OrbitSpeed": [
                0.0,
                0.0
            ],
            "PType": 1,
            "Pivot": [
                0.0,
                -0.5199999809265137,
                0.0
            ],
            "Range": [
                0.20000000298023224,
                0.20000000298023224,
                0.20000000298023224
            ],
            "RenderGroup": 8,
            "RotationAxis": [
                0.0,
                0.0,
                0.0
            ],
            "RotationSpeed": [
                0.0,
                360.0
            ],
            "ShaderPass": 2,
            "Size": [
                0.4000000059604645,
                0.699999988079071
            ],
            "Speed": [
                0.8100000023841858,
                0.9599999785423279
            ],
            "Spin": false,
            "StartTrack": 0,
            "TextureTags": [
                "T_SubUV_Explosion_13_9x9_SC_KMH",
                "T_SubUV_Explosion_13_9x9_SC_KMH",
                "",
                ""
            ],
            "TextureUsage": [
                true,
                true,
                false,
                false
            ],
            "Threshold": 0.0,
            "TickPerSecond": 60.0,
            "TileTickPerSec": 120.0,
            "TileX": 9,
            "TileY": 9,
            "isTileLoop": true
        },
        {
            "Animation": true,
            "Billboard": false,
            "CenterColor": [
                1.0,
                1.0,
                1.0,
                1.0
            ],
            "Color": [
                1.0,
                0.5571119785308838,
                0.20942407846450806,
                1.0
            ],
            "DistortionStrength": 10.0,
            "Duration": 74,
            "EffectType": 2,
            "EmissiveIntensity": 0.0,
            "EndTrack": 74,
            "FlipUV": false,
            "KeyFrames": [
                {
                    "Color": [
                        1.0,
                        0.5571119785308838,
                        0.20942407846450806,
                        1.0
                    ],
                    "Intensity": 2.950000047683716,
                    "Interpolation": 0,
                    "Rotation": [
                        0.0,
                        0.0,
                        0.0,
                        0.0
                    ],
                    "Scale": [
                        1.0,
                        1.0,
                        1.0
                    ],
                    "TrackPosition": 0.0,
                    "Translation": [
                        0.0,
                        0.0,
                        0.0
                    ]
                }
            ],
            "LifeTime": 3878.121337890625,
            "Loop": true,
            "ModelTag": "SM_Sphere_01_KMH",
            "Name": "FIREBALLMESH",
            "NumKeyFrames": 1,
            "RenderGroup": 8,
            "ShaderPass": 4,
            "StartTrack": 0,
            "TextureTags": [
                "",
                "T_Tile_Noise_01_C_LGS",
                "",
                ""
            ],
            "TextureUsage": [
                false,
                true,
                false,
                false
            ],
            "Threshold": 0.8999999761581421,
            "TickPerSecond": 60.0,
            "TileTickPerSec": 60.0,
            "TileX": 1,
            "TileY": 1
        },
        {
            "Accel": [
                0.0,
                0.0
            ],
            "Animation": true,
            "Billboard": false,
            "Center": [
                0.0,
                0.0,
                0.0
            ],
            "CenterColor": [
                0.0,
                0.0,
                0.0,
                1.0
            ],
            "Color": [
                0.2774869203567505,
                0.2774869203567505,
                0.2774869203567505,
                0.2408376932144165
            ],
            "DistortionStrength": 10.0,
            "Duration": 74,
            "EffectType": 1,
            "EmissiveIntensity": 0.0,
            "EndTrack": 74,
            "FlipUV": false,
            "Gravity": 9.800000190734863,
            "IsGravity": false,
            "KeyFrames": [
                {
                    "Color": [
                        0.2774869203567505,
                        0.2774869203567505,
                        0.2774869203567505,
                        0.2408376932144165
                    ],
                    "Intensity": 1.0,
                    "Interpolation": 0,
                    "Rotation": [
                        0.0,
                        0.0,
                        0.0,
                        0.0
                    ],
                    "Scale": [
                        1.0,
                        1.0,
                        1.0
                    ],
                    "TrackPosition": 0.0,
                    "Translation": [
                        0.0,
                        0.0,
                        0.0
                    ]
                }
            ],
            "LifeTime": 4372.21630859375,
            "LifeTime_Particle": [
                0.07000000029802322,
                0.6399999856948853
            ],
            "Local": true,
            "Loop": true,
            "MaxLifeTime": 1.0,
            "MaxSpeed": 1000.0,
            "MinSpeed": 0.0,
            "Name": "FIREBALLSMOKEPARTICLE",
            "NumInstance": 48,
            "NumKeyFrames": 1,
            "Orbit": false,