{
    "EffectObject": [
        {
            "Accel": [
                0.0,
                0.0
            ],
            "Animation": true,
            "Billboard": false,
            "Center": [
                0.0,
                0.0,
                0.0
            ],
            "CenterColor": [
                1.0,
                0.5295907855033875,
                0.3141361474990845,
                1.0
            ],
            "Color": [
                1.0,
                0.1568627506494522,
                0.0,
                1.0
            ],
            "DistortionStrength": 10.0,
            "Duration": 64,
            "EffectType": 1,
            "EmissiveIntensity": 0.5,
            "EndTrack": 64,
            "FlipUV": false,
            "Gravity": 9.800000190734863,
            "IsCircleRange": false,
            "IsGravity": false,
            "KeyFrames": [
                {
                    "Color": [
                        1.0,
                        0.1568627506494522,
                        0.0,
                        1.0
                    ],
                    "Intensity": 3.0,
                    "Interpolation": 0,
                    "Rotation": [
                        0.0,
                        0.0,
                        0.0,
                        0.0
                    ],
                    "Scale": [
                        1.0,
                        1.0,
                        1.0
                    ],
                    "TrackPosition": 0.0,
                    "Translation": [
                        0.0,
                        0.0,
                        0.0
                    ]
                }
            ],
            "LifeTime": 1458.5184326171875,
            "LifeTime_Particle": [
                0.4099999964237213,
                0.4099999964237213
            ],
            "Local": true,
            "Loop": true,
            "MaxLifeTime": 0.4099999964237213,
            "MaxSpeed": 1000.0,
            "MinSpeed": 0.0,
            "Name": "Projectile_Gun_Hit_FireParticle1",
            "NumInstance": 1,
            "NumKeyFrames": 1,
            "Orbit": false,
            "OrbitAxis": [
                0.0,
                0.0,
                0.0
            ],
            "OrbitSpeed": [
                0.0,
                0.0
            ],
            "PType": 0,
            "Pivot": [
                0.0,
                0.0,
                0.0
            ],
            "Range": [
                0.009999999776482582,
                0.009999999776482582,
                0.009999999776482582
            ],
            "RenderGroup": 8,
            "RotationAxis": [
                0.0,
                0.0,
                0.0
            ],
            "RotationSpeed": [
                0.0,
                0.0
            ],
            "ShaderPass": 2,
            "ShrinkThreshold": 0.009999999776482582,
            "Size": [
                5.0,
                5.0
            ],
            "Speed": [
                0.0,
                0.0
            ],
            "Spin": false,
            "StartTrack": 0,
            "StretchFactor": 0.014999999664723873,
            "TextureTags": [
                "",
                "T_SubUV_Explosion_08_8x8_SC_KMH",
                "",
                ""
            ],
            "TextureUsage": [
                false,
                true,
                false,
                false
            ],
            "Threshold": 0.0,
            "TickPerSecond": 60.0,
            "TileTickPerSec": 32.0,
            "TileX": 8,
            "TileY": 8,
            "isTileLoop": false
        }
    ],
    "Loop": false,
    "MaxFrame": 59
}