{
    "EffectObject": [
        {
            "Animation": true,
            "Billboard": false,
            "CenterColor": [
                1.0,
                1.0,
                1.0,
                1.0
            ],
            "Color": [
                0.0,
                0.4588235318660736,
                0.46666666865348816,
                1.0
            ],
            "DistortionStrength": 10.0,
            "Duration": 200,
            "EffectType": 2,
            "EmissiveIntensity": 0.0,
            "EndTrack": 200,
            "FlipUV": true,
            "KeyFrames": [
                {
                    "Color": [
                        0.0,
                        0.4586498439311981,
                        0.46596860885620117,
                        1.0
                    ],
                    "Intensity": 1.0,
                    "Interpolation": 3,
                    "Rotation": [
                        0.0,
                        0.0,
                        0.0,
                        0.0
                    ],
                    "Scale": [
                        0.75,
                        0.75,
                        0.75
                    ],
                    "TrackPosition": 0.0,
                    "Translation": [
                        0.0,
                        0.0,
                        0.0
                    ]
                },
                {
                    "Color": [
                        0.0,
                        0.4588235318660736,
                        0.46666666865348816,
                        1.0
                    ],
                    "Intensity": 1.0,
                    "Interpolation": 2,
                    "Rotation": [
                        0.0,
                        0.0,
                        0.0,
                        0.0
                    ],
                    "Scale": [
                        0.6000000238418579,
                        0.6000000238418579,
                        0.6000000238418579
                    ],
                    "TrackPosition": 48.0,
                    "Translation": [
                        0.0,
                        0.0,
                        0.0
                    ]
                },
                {
                    "Color": [
                        0.0,
                        0.4588235318660736,
                        0.46666666865348816,
                        1.0
                    ],
                    "Intensity": 1.0,
                    "Interpolation": 0,
                    "Rotation": [
                        0.0,
                        0.0,
                        0.0,
                        0.0
                    ],
                    "Scale": [
                        0.75,
                        0.75,
                        0.75
                    ],
                    "TrackPosition": 200.0,
                    "Translation": [
                        0.0,
                        0.0,
                        0.0
                    ]
                }
            ],
            "LifeTime": 6592.75048828125,
            "Loop": true,
            "ModelTag": "SM_Sphere_02_KMH",
            "Name": "LostErgo_Mesh1",
            "NumKeyFrames": 3,
            "RenderGroup": 8,
            "ShaderPass": 7,
            "StartTrack": 0,
            "TextureTags": [
                "T_Galaxy_01_C_RSW",
                "T_WaterDrop_02_C_GDH",
                "T_Mask_09_C_GDH",
                ""
            ],
            "TextureUsage": [
                true,
                true,
                true,
                false
            ],
            "Threshold": 0.8999999761581421,
            "TickPerSecond": 60.0,
            "TileTickPerSec": 60.0,
            "TileX": 1,
            "TileY": 1
        },
        {
            "Animation": true,
            "Billboard": false,
            "CenterColor": [
                1.0,
                1.0,
                1.0,
                1.0
            ],
            "Color": [
                0.0,
                0.4588235318660736,
                0.46666666865348816,
                1.0
            ],
            "DistortionStrength": 10.0,
            "Duration": 200,
            "EffectType": 2,
            "EmissiveIntensity": 0.0,
            "EndTrack": 200,
            "FlipUV": true,
            "KeyFrames": [
                {
                    "Color": [
                        0.0,
                        0.4588235318660736,
                        0.46666666865348816,
                        1.0
                    ],
                    "Intensity": 1.0,
                    "Interpolation": 2,
                    "Rotation": [
                        0.0,
                        0.0,
                        0.0,
                        0.0
                    ],
                    "Scale": [
                        0.6000000238418579,
                        0.6000000238418579,
                        0.6000000238418579
                    ],
                    "TrackPosition": 0.0,
                    "Translation": [
                        0.0,
                        0.0,
                        0.0
                    ]
                },
                {
                    "Color": [
                        0.0,
                        0.4588235318660736,
                        0.46666666865348816,
                        1.0
                    ],
                    "Intensity": 1.0,
                    "Interpolation": 2,
                    "Rotation": [
                        0.0,
                        0.0,
                        0.0,
                        0.0
                    ],
                    "Scale": [
                        0.699999988079071,
                        0.699999988079071,
                        0.699999988079071
                    ],
                    "TrackPosition": 100.0,
                    "Translation": [
                        0.0,
                        0.0,
                        0.0
                    ]
                },
                {
                    "Color": [
                        0.0,
                        0.4588235318660736,
                        0.46666666865348816,
                        1.0
                    ],
                    "Intensity": 1.0,
                    "Interpolation": 0,
                    "Rotation": [
                        0.0,
                        0.0,
                        0.0,
                        0.0
                    ],
                    "Scale": [
                        0.6000000238418579,
                        0.6000000238418579,
                        0.6000000238418579
                    ],
                    "TrackPosition": 200.0,
                    "Translation": [
                        0.0,
                        0.0,
                        0.0
                    ]
                }
            ],
            "LifeTime": 6592.2587890625,
            "Loop": true,
            "ModelTag": "SM_Sphere_02_KMH",
            "Name": "LostErgo_Mesh2",
            "NumKeyFrames": 3,
            "RenderGroup": 8,
            "ShaderPass": 7,
            "StartTrack": 0,
            "TextureTags": [
                "T_Galaxy_01_C_RSW",
                "T_Mask_14_C_HJS",
                "T_Mask_17_C_HJS",
                ""
            ],
            "TextureUsage": [
                true,
                true,
                true,
                false
            ],
            "Threshold": 0.8999999761581421,
            "TickPerSecond": 60.0,
            "TileTickPerSec": 60.0,
            "TileX": 1,
            "TileY": 1
        },
        {
            "Animation": true,
            "Billboard": false,
            "CenterColor": [
                1.0,
                1.0,
                1.0,
                0.0
            ],