{
    "EffectObject": [
        {
            "Accel": [
                0.0,
                0.0
            ],
            "Animation": true,
            "Billboard": false,
            "Center": [
                0.0,
                0.0,
                0.0
            ],
            "CenterColor": [
                0.10680630058050156,
                0.4191510081291199,
                0.8628244400024414,
                1.0
            ],
            "CircleNormal": [
                0.0,
                1.0,
                0.0
            ],
            "Color": [
                0.0,
                0.09424084424972534,
                1.0,
                0.0
            ],
            "DistortionStrength": 10.0,
            "Duration": 204,
            "EffectType": 1,
            "EmissiveIntensity": 0.44999998807907104,
            "EndTrack": 204,
            "FlipUV": false,
            "Gravity": 9.800000190734863,
            "IsCircleRange": false,
            "IsGravity": false,
            "KeyFrames": [
                {
                    "Color": [
                        0.0,
                        0.09424084424972534,
                        1.0,
                        0.0
                    ],
                    "Intensity": 1.3600000143051147,
                    "Interpolation": 0,
                    "Rotation": [
                        0.0,
                        0.0,
                        0.0,
                        0.0
                    ],
                    "Scale": [
                        1.0,
                        1.0,
                        1.0
                    ],
                    "TrackPosition": 0.0,
                    "Translation": [
                        0.0,
                        0.0,
                        0.0
                    ]
                }
            ],
            "LifeTime": 1278.1083984375,
            "LifeTime_Particle": [
                0.2800000011920929,
                1.0
            ],
            "Local": true,
            "Loop": true,
            "LoopInSet": false,
            "LoopInSet_Delay": 0.0,
            "MaxLifeTime": 4.0,
            "MaxSpeed": 1000.0,
            "MinSpeed": 0.0,
            "Name": "Oilball_FireParticle1",
            "NumInstance": 25,
            "NumKeyFrames": 1,
            "Orbit": false,
            "OrbitAxis": [
                0.0,
                0.0,
                0.0
            ],
            "OrbitSpeed": [
                0.0,
                0.0
            ],
            "PType": 1,
            "Pivot": [
                0.0,
                -0.5199999809265137,
                0.0
            ],
            "Range": [
                0.05000000074505806,
                0.05000000074505806,
                0.05000000074505806
            ],
            "RenderGroup": 8,
            "RotationAxis": [
                0.0,
                0.0,
                0.0
            ],
            "RotationSpeed": [
                0.0,
                360.0
            ],
            "ShaderPass": 2,
            "ShrinkThreshold": 0.009999999776482582,
            "Size": [
                0.44999998807907104,
                0.6700000166893005
            ],
            "Speed": [
                0.10000000149011612,
                0.30000001192092896
            ],
            "Spin": false,
            "StartTrack": 0,
            "StretchFactor": 0.014999999664723873,
            "TextureTags": [
                "T_SubUV_Explosion_13_9x9_SC_KMH",
                "T_SubUV_Explosion_13_9x9_SC_KMH",
                "",
                ""
            ],
            "TextureUsage": [
                true,
                true,
                false,
                false
            ],
            "Threshold": 0.0,
            "TickPerSecond": 60.0,
            "TileTickPerSec": 80.0,
            "TileX": 9,
            "TileY": 9,
            "isTileLoop": false
        }
    ],
    "Loop": true,
    "MaxFrame": 150
}