{
    "EffectObject": [
        {
            "Accel": [
                -7.0,
                -3.0
            ],
            "Animation": true,
            "Billboard": false,
            "Center": [
                0.0,
                0.0,
                0.0
            ],
            "CenterColor": [
                0.9974508285522461,
                1.0,
                0.5130890011787415,
                1.0
            ],
            "Color": [
                0.9633508920669556,
                1.0,
                0.0,
                1.0
            ],
            "DistortionStrength": 10.0,
            "Duration": 85,
            "EffectType": 1,
            "EmissiveIntensity": 3.799999952316284,
            "EndTrack": 85,
            "FlipUV": false,
            "Gravity": 0.5,
            "IsGravity": false,
            "KeyFrames": [
                {
                    "Color": [
                        0.9633508920669556,
                        1.0,
                        0.0,
                        1.0
                    ],
                    "Intensity": 3.799999952316284,
                    "Interpolation": 0,
                    "Rotation": [
                        0.0,
                        0.0,
                        0.0,
                        0.0
                    ],
                    "Scale": [
                        1.0,
                        1.0,
                        1.0
                    ],
                    "TrackPosition": 0.0,
                    "Translation": [
                        0.0,
                        0.0,
                        0.0
                    ]
                }
            ],
            "LifeTime": 883.3856811523438,
            "LifeTime_Particle": [
                0.25,
                1.0
            ],
            "Local": true,
            "Loop": false,
            "MaxLifeTime": 3.0,
            "MaxSpeed": 1000.0,
            "MinSpeed": 0.30000001192092896,
            "Name": "Player_Monad_Particle1",
            "NumInstance": 40,
            "NumKeyFrames": 1,
            "Orbit": true,
            "OrbitAxis": [
                0.5773502588272095,
                0.5773502588272095,
                0.5773502588272095
            ],
            "OrbitSpeed": [
                -75.0,
                75.0
            ],
            "PType": 0,
            "Pivot": [
                0.0,
                0.0,
                0.0
            ],
            "Range": [
                0.10000000149011612,
                0.10000000149011612,
                0.10000000149011612
            ],
            "RenderGroup": 8,
            "RotationAxis": [
                0.0,
                0.0,
                0.0
            ],
            "RotationSpeed": [
                0.0,
                0.0
            ],
            "ShaderPass": 3,
            "Size": [
                0.019999999552965164,
                0.029999999329447746
            ],
            "Speed": [
                1.5,
                1.7999999523162842
            ],
            "Spin": false,
            "StartTrack": 0,
            "TextureTags": [
                "",
                "T_Shere_03_C_HJS",
                "",
                ""
            ],
            "TextureUsage": [
                false,
                true,
                false,
                false
            ],
            "Threshold": 0.0,
            "TickPerSecond": 60.0,
            "TileTickPerSec": 60.0,
            "TileX": 1,
            "TileY": 1,
            "isTileLoop": false
        },
        {
            "Accel": [
                -7.0,
                -4.0
            ],
            "Animation": true,
            "Billboard": false,
            "Center": [
                0.0,
                0.0,
                0.0
            ],
            "CenterColor": [
                0.9960784316062927,
                1.0,
                0.2862745225429535,
                1.0
            ],
            "Color": [
                0.9647058844566345,
                1.0,
                0.0,
                1.0
            ],
            "DistortionStrength": 10.0,
            "Duration": 85,
            "EffectType": 1,
            "EmissiveIntensity": 3.799999952316284,
            "EndTrack": 91,
            "FlipUV": false,
            "Gravity": 9.800000190734863,
            "IsGravity": false,
            "KeyFrames": [
                {
                    "Color": [
                        0.9647058844566345,
                        1.0,
                        0.0,
                        1.0
                    ],
                    "Intensity": 3.799999952316284,
                    "Interpolation": 0,
                    "Rotation": [
                        0.0,
                        0.0,
                        0.0,
                        0.0
                    ],
                    "Scale": [
                        1.0,
                        1.0,
                        1.0
                    ],
                    "TrackPosition": 0.0,
                    "Translation": [
                        0.0,
                        0.0,
                        0.0
                    ]
                }
            ],
            "LifeTime": 209.4001007080078,
            "LifeTime_Particle": [
                0.25,
                1.0
            ],
            "Local": true,
            "Loop": false,
            "MaxLifeTime": 1.0,
            "MaxSpeed": 1000.0,
            "MinSpeed": 0.20000000298023224,
            "Name": "Player_Monad_Particle2",
            "NumInstance": 10,
            "NumKeyFrames": 1,
            "Orbit": true,
            "OrbitAxis": [
                0.5773502588272095,
                0.5773502588272095,
                0.5773502588272095
            ],
            "OrbitSpeed": [
                -45.0,
                45.0
            ],
            "PType": 0,
            "Pivot": [
                0.0,
                0.0,
                0.0
            ],
            "Range": [
                0.10000000149011612,
                0.10000000149011612,
                0.10000000149011612
            ],
            "RenderGroup": 8,
            "RotationAxis": [
                0.0,
                0.0,
                0.0
            ],
            "RotationSpeed": [
                0.0,
                0.0
            ],
            "ShaderPass": 3,
            "Size": [
                0.019999999552965164,
                0.019999999552965164
            ],
            "Speed": [
                0.5,
                1.0
            ],
            "Spin": false,
            "StartTrack": 6,
            "TextureTags": [
                "",
                "T_Shere_03_C_HJS",
                "",
                ""
            ],
            "TextureUsage": [
                false,
                true,
                false,
                false
            ],
            "Threshold": 0.0,
            "TickPerSecond": 60.0,
            "TileTickPerSec": 60.0,
            "TileX": 1,
            "TileY": 1,
            "isTileLoop": false
        },
        {
            "Animation": true,
            "Billboard": true,
            "CenterColor": [
                1.0,
                0.9847866296768188,
                0.4188481569290161,
                1.0
            ],
            "Color": [
                1.0,
                1.0,
                1.0,
                1.0
            ],
            "DistortionStrength": 10.0,
            "Duration": 85,
            "EffectType": 0,
            "EmissiveIntensity": 2.5999999046325684,
            "EndTrack": 85,
            "FlipUV": false,
            "KeyFrames": [
                {
                    "Color": [
                        1.0,
                        0.9424083232879639,
                        0.0,
                        1.0
                    ],