{
    "EffectObject": [
        {
            "Accel": [
                -7.0,
                -3.0
            ],
            "Animation": true,
            "Billboard": false,
            "Center": [
                0.0,
                0.0,
                0.0
            ],
            "CenterColor": [
                0.4083769917488098,
                0.5446673631668091,
                1.0,
                1.0
            ],
            "Color": [
                0.0,
                0.32460737228393555,
                1.0,
                1.0
            ],
            "DistortionStrength": 10.0,
            "Duration": 85,
            "EffectType": 1,
            "EmissiveIntensity": 3.799999952316284,
            "EndTrack": 85,
            "FlipUV": false,
            "Gravity": 0.5,
            "IsCircleRange": false,
            "IsGravity": false,
            "KeyFrames": [
                {
                    "Color": [
                        0.0,
                        0.32460737228393555,
                        1.0,
                        1.0
                    ],
                    "Intensity": 5.28000020980835,
                    "Interpolation": 0,
                    "Rotation": [
                        0.0,
                        0.0,
                        0.0,
                        0.0
                    ],
                    "Scale": [
                        1.0,
                        1.0,
                        1.0
                    ],
                    "TrackPosition": 0.0,
                    "Translation": [
                        0.0,
                        0.0,
                        0.0
                    ]
                }
            ],
            "LifeTime": 1249.645751953125,
            "LifeTime_Particle": [
                0.25,
                1.0
            ],
            "Local": true,
            "Loop": false,
            "MaxLifeTime": 3.0,
            "MaxSpeed": 1000.0,
            "MinSpeed": 0.30000001192092896,
            "Name": "Player_Monad_ConsumeErgo_p1",
            "NumInstance": 40,
            "NumKeyFrames": 1,
            "Orbit": true,
            "OrbitAxis": [
                0.5773502588272095,
                0.5773502588272095,
                0.5773502588272095
            ],
            "OrbitSpeed": [
                -75.0,
                75.0
            ],
            "PType": 0,
            "Pivot": [
                0.0,
                0.0,
                0.0
            ],
            "Range": [
                0.10000000149011612,
                0.10000000149011612,
                0.10000000149011612
            ],
            "RenderGroup": 8,
            "RotationAxis": [
                0.0,
                0.0,
                0.0
            ],
            "RotationSpeed": [
                0.0,
                0.0
            ],
            "ShaderPass": 3,
            "ShrinkThreshold": 0.009999999776482582,
            "Size": [
                0.019999999552965164,
                0.029999999329447746
            ],
            "Speed": [
                1.5,
                1.7999999523162842
            ],
            "Spin": false,
            "StartTrack": 0,
            "StretchFactor": 0.014999999664723873,
            "TextureTags": [
                "",
                "T_Shere_03_C_HJS",
                "",
                ""
            ],
            "TextureUsage": [
                false,
                true,
                false,
                false
            ],
            "Threshold": 0.0,
            "TickPerSecond": 60.0,
            "TileTickPerSec": 60.0,
            "TileX": 1,
            "TileY": 1,
            "isTileLoop": false
        },
        {
            "Accel": [
                -7.0,
                -4.0
            ],
            "Animation": true,
            "Billboard": false,
            "Center": [
                0.0,
                0.0,
                0.0
            ],
            "CenterColor": [
                0.40784314274787903,
                0.545098066329956,
                1.0,
                1.0
            ],
            "Color": [
                0.0,
                0.32549020648002625,
                1.0,
                1.0
            ],
            "DistortionStrength": 10.0,
            "Duration": 85,
            "EffectType": 1,
            "EmissiveIntensity": 6.0,
            "EndTrack": 91,
            "FlipUV": false,
            "Gravity": 9.800000190734863,
            "IsCircleRange": false,
            "IsGravity": false,
            "KeyFrames": [
                {
                    "Color": [
                        0.0,
                        0.32549020648002625,
                        1.0,
                        1.0
                    ],
                    "Intensity": 5.369999885559082,
                    "Interpolation": 0,
                    "Rotation": [
                        0.0,
                        0.0,
                        0.0,
                        0.0
                    ],
                    "Scale": [
                        1.0,
                        1.0,
                        1.0
                    ],
                    "TrackPosition": 0.0,
                    "Translation": [
                        0.0,
                        0.0,
                        0.0
                    ]
                }
            ],
            "LifeTime": 546.7650146484375,
            "LifeTime_Particle": [
                0.25,
                1.0
            ],
            "Local": true,
            "Loop": false,
            "MaxLifeTime": 1.0,
            "MaxSpeed": 1000.0,
            "MinSpeed": 0.20000000298023224,
            "Name": "Player_Monad_ConsumeErgo_p2",
            "NumInstance": 10,
            "NumKeyFrames": 1,
            "Orbit": true,
            "OrbitAxis": [
                0.5773502588272095,
                0.5773502588272095,
                0.5773502588272095
            ],
            "OrbitSpeed": [
                -45.0,
                45.0
            ],
            "PType": 0,
            "Pivot": [
                0.0,
                0.0,
                0.0
            ],
            "Range": [
                0.10000000149011612,
                0.10000000149011612,
                0.10000000149011612
            ],
            "RenderGroup": 8,
            "RotationAxis": [
                0.0,
                0.0,
                0.0
            ],
            "RotationSpeed": [
                0.0,
                0.0
            ],
            "ShaderPass": 3,
            "ShrinkThreshold": 0.009999999776482582,
            "Size": [
                0.019999999552965164,
                0.019999999552965164
            ],
            "Speed": [
                0.5,
                1.0
            ],
            "Spin": false,
            "StartTrack": 6,
            "StretchFactor": 0.014999999664723873,
            "TextureTags": [
                "",
                "T_Shere_03_C_HJS",
                "",
                ""
            ],
            "TextureUsage": [
                false,
                true,
                false,
                false
            ],
            "Threshold": 0.0,
            "TickPerSecond": 60.0,
            "TileTickPerSec": 60.0,
            "TileX": 1,
            "TileY": 1,
            "isTileLoop": false
        },
        {
            "Animation": true,
            "Billboard": true,
            "CenterColor": [
                0.40784314274787903,
                0.545098066329956,
                1.0,
                1.0
            ],
            "Color": [
                1.0,
                1.0,
                1.0,
                1.0
            ],
            "DistortionStrength": 10.0,
            "Duration": 85,
            "EffectType": 0,
            "EmissiveIntensity": 2.5999999046325684,