{
    "EffectObject": [
        {
            "Accel": [
                -200.0,
                -150.0
            ],
            "Animation": true,
            "Billboard": false,
            "Center": [
                0.0,
                0.0,
                0.0
            ],
            "CenterColor": [
                1.0,
                0.45464766025543213,
                0.39790576696395874,
                1.0
            ],
            "Color": [
                1.0,
                0.15706807374954224,
                0.0,
                1.0
            ],
            "Duration": 61,
            "EffectType": 1,
            "EmissiveIntensity": 2.799999952316284,
            "EndTrack": 61,
            "FlipUV": false,
            "Gravity": 9.899999618530273,
            "IsGravity": true,
            "KeyFrames": [
                {
                    "Color": [
                        1.0,
                        0.15706807374954224,
                        0.0,
                        1.0
                    ],
                    "Intensity": 2.450000047683716,
                    "Interpolation": 0,
                    "Rotation": [
                        0.0,
                        0.0,
                        0.0,
                        0.0
                    ],
                    "Scale": [
                        1.0,
                        1.0,
                        1.0
                    ],
                    "TrackPosition": 0.0,
                    "Translation": [
                        0.0,
                        0.0,
                        0.0
                    ]
                }
            ],
            "LifeTime": 600.3015747070313,
            "LifeTime_Particle": [
                0.09000000357627869,
                0.699999988079071
            ],
            "Local": true,
            "Loop": false,
            "MaxLifeTime": 0.10000000149011612,
            "MaxSpeed": 1000.0,
            "MinSpeed": 5.0,
            "Name": "PlayerHit_BasicSparkParticle1",
            "NumInstance": 20,
            "NumKeyFrames": 1,
            "Orbit": true,
            "OrbitAxis": [
                1.0,
                0.0,
                0.0
            ],
            "OrbitSpeed": [
                -180.0,
                180.0
            ],
            "PType": 0,
            "Pivot": [
                0.0,
                0.0,
                0.0
            ],
            "Range": [
                0.029999999329447746,
                0.029999999329447746,
                0.029999999329447746
            ],
            "RenderGroup": 8,
            "RotationAxis": [
                0.0,
                0.0,
                0.0
            ],
            "RotationSpeed": [
                0.0,
                0.0
            ],
            "ShaderPass": 3,
            "Size": [
                0.029999999329447746,
                0.05000000074505806
            ],
            "Speed": [
                10.0,
                30.0
            ],
            "Spin": false,
            "StartTrack": 0,
            "TextureTags": [
                "",
                "T_Shere_02_C_LGS",
                "",
                ""
            ],
            "TextureUsage": [
                false,
                true,
                false,
                false
            ],
            "Threshold": 0.0,
            "TickPerSecond": 60.0,
            "TileX": 1,
            "TileY": 1
        },
        {
            "Animation": false,
            "Billboard": true,
            "CenterColor": [
                1.0,
                0.37696337699890137,
                0.0,
                0.0
            ],
            "Color": [
                0.9842932224273682,
                0.43492022156715393,
                0.0,
                0.0
            ],
            "Duration": 61,
            "EffectType": 0,
            "EmissiveIntensity": 1.899999976158142,
            "EndTrack": 61,
            "FlipUV": false,
            "KeyFrames": [
                {
                    "Color": [
                        1.0,
                        0.4397905468940735,
                        0.0,
                        1.0
                    ],
                    "Intensity": 10.0,
                    "Interpolation": 2,
                    "Rotation": [
                        -0.0,
                        0.0,
                        0.0004168298910371959,
                        0.9999999403953552
                    ],
                    "Scale": [
                        1.0000004768371582,
                        1.0000004768371582,
                        1.0
                    ],
                    "TrackPosition": 0.0,
                    "Translation": [
                        0.0,
                        0.0,
                        0.0
                    ]
                },
                {
                    "Color": [
                        0.9842932224273682,
                        0.43492022156715393,
                        0.0,
                        0.0
                    ],
                    "Intensity": 0.0,
                    "Interpolation": 0,
                    "Rotation": [
                        -0.0,
                        0.0,
                        0.2588190734386444,
                        0.9659258723258972
                    ],
                    "Scale": [
                        1.9999979734420776,
                        1.9999979734420776,
                        2.0
                    ],
                    "TrackPosition": 8.0,
                    "Translation": [
                        0.0,
                        0.0,
                        0.0
                    ]
                }
            ],
            "LifeTime": 416.77239990234375,
            "Loop": true,
            "Name": "PlayerHit_RingFlareSprite1",
            "NumKeyFrames": 2,
            "RenderGroup": 8,
            "ShaderPass": 5,
            "StartTrack": 0,
            "TextureTags": [
                "",
                "T_Ring_08_C_HJS",
                "",
                ""
            ],
            "TextureUsage": [
                false,
                true,
                false,
                false
            ],
            "Threshold": 0.0,
            "TickPerSecond": 60.0,
            "TileX": 1,
            "TileY": 1
        },
        {
            "Animation": true,
            "Billboard": true,
            "CenterColor": [
                1.0,
                0.48970693349838257,
                0.4554973840713501,
                0.0
            ],
            "Color": [
                1.0,
                0.1568627506494522,
                0.0,
                0.0
            ],
            "Duration": 61,
            "EffectType": 0,
            "EmissiveIntensity": 2.0999999046325684,
            "EndTrack": 61,
            "FlipUV": false,
            "KeyFrames": [
                {
                    "Color": [
                        1.0,
                        0.28272247314453125,
                        0.0,
                        1.0
                    ],
                    "Intensity": 0.699999988079071,
                    "Interpolation": 2,
                    "Rotation": [
                        0.0,
                        0.0,
                        0.0,
                        0.0
                    ],
                    "Scale": [
                        1.0,
                        1.0,
                        1.0
                    ],
                    "TrackPosition": 0.0,