{
    "EffectObject": [
        {
            "Accel": [
                -40.0,
                -30.0
            ],
            "Animation": true,
            "Billboard": false,
            "Center": [
                0.0,
                0.0,
                0.0
            ],
            "CenterColor": [
                0.06806284189224243,
                0.22419923543930054,
                1.0,
                1.0
            ],
            "Color": [
                0.0,
                0.010471343994140625,
                1.0,
                1.0
            ],
            "DistortionStrength": 10.0,
            "Duration": 121,
            "EffectType": 1,
            "EmissiveIntensity": 1.0,
            "EndTrack": 121,
            "FlipUV": false,
            "Gravity": -0.699999988079071,
            "IsGravity": true,
            "KeyFrames": [
                {
                    "Color": [
                        0.0,
                        0.010471343994140625,
                        1.0,
                        1.0
                    ],
                    "Intensity": 4.860000133514404,
                    "Interpolation": 0,
                    "Rotation": [
                        0.0,
                        0.0,
                        0.0,
                        0.0
                    ],
                    "Scale": [
                        1.0,
                        1.0,
                        1.0
                    ],
                    "TrackPosition": 0.0,
                    "Translation": [
                        0.0,
                        0.0,
                        0.0
                    ]
                }
            ],
            "LifeTime": 1221.83740234375,
            "LifeTime_Particle": [
                0.029999999329447746,
                1.5
            ],
            "Local": true,
            "Loop": false,
            "MaxLifeTime": 4.0,
            "MaxSpeed": 1000.0,
            "MinSpeed": 2.5,
            "Name": "Player_Skill_Blink_Particle1",
            "NumInstance": 300,
            "NumKeyFrames": 1,
            "Orbit": true,
            "OrbitAxis": [
                0.5773502588272095,
                0.5773502588272095,
                0.5773502588272095
            ],
            "OrbitSpeed": [
                -180.0,
                180.0
            ],
            "PType": 2,
            "Pivot": [
                0.0,
                0.0,
                0.0
            ],
            "Range": [
                0.009999999776482582,
                0.009999999776482582,
                0.009999999776482582
            ],
            "RenderGroup": 8,
            "RotationAxis": [
                0.0,
                0.0,
                0.0
            ],
            "RotationSpeed": [
                0.0,
                0.0
            ],
            "ShaderPass": 3,
            "Size": [
                0.009999999776482582,
                0.019999999552965164
            ],
            "Speed": [
                7.0,
                10.0
            ],
            "Spin": false,
            "StartTrack": 0,
            "TextureTags": [
                "",
                "T_Shere_04_C_HJS",
                "",
                ""
            ],
            "TextureUsage": [
                false,
                true,
                false,
                false
            ],
            "Threshold": 0.0,
            "TickPerSecond": 60.0,
            "TileTickPerSec": 60.0,
            "TileX": 1,
            "TileY": 1,
            "isTileLoop": false
        },
        {
            "Animation": true,
            "Billboard": true,
            "CenterColor": [
                0.3298429250717163,
                0.6736931204795837,
                1.0,
                0.24607330560684204
            ],
            "Color": [
                0.2565445303916931,
                0.4278120994567871,
                1.0,
                0.4921466112136841
            ],
            "DistortionStrength": 10.0,
            "Duration": 121,
            "EffectType": 0,
            "EmissiveIntensity": 1.0,
            "EndTrack": 121,
            "FlipUV": false,
            "KeyFrames": [
                {
                    "Color": [
                        0.2565445303916931,
                        0.4278120994567871,
                        1.0,
                        0.4921466112136841
                    ],
                    "Intensity": 2.4600000381469727,
                    "Interpolation": 2,
                    "Rotation": [
                        0.0,
                        0.0,
                        0.0,
                        0.0
                    ],
                    "Scale": [
                        0.30000001192092896,
                        0.30000001192092896,
                        0.30000001192092896
                    ],
                    "TrackPosition": 0.0,
                    "Translation": [
                        0.0,
                        0.0,
                        0.0
                    ]
                },
                {
                    "Color": [
                        1.0,
                        1.0,
                        1.0,
                        0.0
                    ],
                    "Intensity": 1.0,
                    "Interpolation": 0,
                    "Rotation": [
                        0.0,
                        0.0,
                        0.0,
                        0.0
                    ],
                    "Scale": [
                        1.5,
                        1.5,
                        1.5
                    ],
                    "TrackPosition": 30.0,
                    "Translation": [
                        0.0,
                        0.0,
                        0.0
                    ]
                }
            ],
            "LifeTime": 524.09521484375,
            "Loop": true,
            "Name": "Player_Skill_Blink_CircleSprite1",
            "NumKeyFrames": 2,
            "RenderGroup": 8,
            "ShaderPass": 5,
            "StartTrack": 0,
            "TextureTags": [
                "",
                "T_Ring_04_C_KMH",
                "",
                ""
            ],
            "TextureUsage": [
                false,
                true,
                false,
                false
            ],
            "Threshold": 0.0,
            "TickPerSecond": 60.0,
            "TileTickPerSec": 60.0,
            "TileX": 1,
            "TileY": 1
        },
        {
            "Animation": true,
            "Billboard": true,
            "CenterColor": [
                0.13612568378448486,
                0.44368302822113037,
                1.0,
                1.0
            ],
            "Color": [
                0.04712039232254028,
                0.11696523427963257,
                1.0,
                1.0
            ],
            "DistortionStrength": 10.0,
            "Duration": 121,
            "EffectType": 0,
            "EmissiveIntensity": 1.0,
            "EndTrack": 121,
            "FlipUV": false,
            "KeyFrames": [
                {
                    "Color": [
                        0.04712039232254028,
                        0.11696523427963257,
                        1.0,
                        1.0
                    ],
                    "Intensity": 2.3299999237060547,
                    "Interpolation": 2,
                    "Rotation": [
                        0.0,
                        0.0,
                        0.0,
                        0.0
                    ],
                    "Scale": [
                        3.0,
                        3.0,
                        3.0
                    ],
                    "TrackPosition": 0.0,