{
    "EffectObject": [
        {
            "Accel": [
                -30.0,
                -28.0
            ],
            "Animation": true,
            "Billboard": false,
            "Center": [
                0.0,
                0.0,
                0.0
            ],
            "CenterColor": [
                0.06806284189224243,
                0.22419923543930054,
                1.0,
                1.0
            ],
            "Color": [
                0.0,
                0.010471343994140625,
                1.0,
                1.0
            ],
            "DistortionStrength": 10.0,
            "Duration": 86,
            "EffectType": 1,
            "EmissiveIntensity": 1.0,
            "EndTrack": 86,
            "FlipUV": false,
            "Gravity": 9.800000190734863,
            "IsGravity": false,
            "KeyFrames": [
                {
                    "Color": [
                        0.0,
                        0.010471343994140625,
                        1.0,
                        1.0
                    ],
                    "Intensity": 4.800000190734863,
                    "Interpolation": 0,
                    "Rotation": [
                        0.0,
                        0.0,
                        0.0,
                        0.0
                    ],
                    "Scale": [
                        1.0,
                        1.0,
                        1.0
                    ],
                    "TrackPosition": 0.0,
                    "Translation": [
                        0.0,
                        0.0,
                        0.0
                    ]
                }
            ],
            "LifeTime": 821.1253051757813,
            "LifeTime_Particle": [
                0.029999999329447746,
                0.5
            ],
            "Local": true,
            "Loop": false,
            "MaxLifeTime": 4.0,
            "MaxSpeed": 1000.0,
            "MinSpeed": 1.5,
            "Name": "Player_Skill_WeaponParticle1",
            "NumInstance": 60,
            "NumKeyFrames": 1,
            "Orbit": false,
            "OrbitAxis": [
                0.0,
                0.0,
                0.0
            ],
            "OrbitSpeed": [
                0.0,
                0.0
            ],
            "PType": 0,
            "Pivot": [
                0.0,
                0.0,
                -0.05000000074505806
            ],
            "Range": [
                0.05000000074505806,
                0.05000000074505806,
                0.05000000074505806
            ],
            "RenderGroup": 8,
            "RotationAxis": [
                0.0,
                0.0,
                0.0
            ],
            "RotationSpeed": [
                0.0,
                0.0
            ],
            "ShaderPass": 3,
            "ShrinkThreshold": 0.009999999776482582,
            "Size": [
                0.009999999776482582,
                0.019999999552965164
            ],
            "Speed": [
                3.0,
                8.0
            ],
            "Spin": false,
            "StartTrack": 0,
            "StretchFactor": 0.02500000037252903,
            "TextureTags": [
                "",
                "T_Shere_04_C_HJS",
                "",
                ""
            ],
            "TextureUsage": [
                false,
                true,
                false,
                false
            ],
            "Threshold": 0.0,
            "TickPerSecond": 60.0,
            "TileTickPerSec": 60.0,
            "TileX": 1,
            "TileY": 1,
            "isTileLoop": false
        }
    ],
    "Loop": false,
    "MaxFrame": 83
}