{
    "EffectObject": [
        {
            "Accel": [
                -200.0,
                -150.0
            ],
            "Animation": true,
            "Billboard": false,
            "Center": [
                0.0,
                0.0,
                0.0
            ],
            "CenterColor": [
                1.0,
                0.45464766025543213,
                0.39790576696395874,
                1.0
            ],
            "CircleNormal": [
                0.0,
                1.0,
                0.0
            ],
            "Color": [
                1.0,
                0.15706807374954224,
                0.0,
                1.0
            ],
            "DistortionStrength": 10.0,
            "Duration": 61,
            "EffectType": 1,
            "EmissiveIntensity": 2.799999952316284,
            "EndTrack": 61,
            "FlipUV": false,
            "Gravity": 9.899999618530273,
            "IsCircleRange": false,
            "IsGravity": true,
            "KeyFrames": [
                {
                    "Color": [
                        1.0,
                        0.15706807374954224,
                        0.0,
                        1.0
                    ],
                    "Intensity": 2.450000047683716,
                    "Interpolation": 0,
                    "Rotation": [
                        0.0,
                        0.0,
                        0.0,
                        0.0
                    ],
                    "Scale": [
                        1.0,
                        1.0,
                        1.0
                    ],
                    "TrackPosition": 0.0,
                    "Translation": [
                        0.0,
                        0.0,
                        0.0
                    ]
                }
            ],
            "LifeTime": 1140.5545654296875,
            "LifeTime_Particle": [
                0.09000000357627869,
                0.699999988079071
            ],
            "Local": true,
            "Loop": false,
            "LoopInSet": false,
            "LoopInSet_Delay": 0.0,
            "MaxLifeTime": 0.10000000149011612,
            "MaxSpeed": 1000.0,
            "MinSpeed": 5.0,
            "Name": "Player_GuardNormalParticle1",
            "NumInstance": 20,
            "NumKeyFrames": 1,
            "Orbit": true,
            "OrbitAxis": [
                1.0,
                0.0,
                0.0
            ],
            "OrbitSpeed": [
                -180.0,
                180.0
            ],
            "PType": 0,
            "Pivot": [
                0.0,
                0.0,
                0.0
            ],
            "Range": [
                0.029999999329447746,
                0.029999999329447746,
                0.029999999329447746
            ],
            "RenderGroup": 8,
            "RotationAxis": [
                0.0,
                0.0,
                0.0
            ],
            "RotationSpeed": [
                0.0,
                0.0
            ],
            "ShaderPass": 3,
            "ShrinkThreshold": 0.009999999776482582,
            "Size": [
                0.029999999329447746,
                0.05000000074505806
            ],
            "Speed": [
                10.0,
                30.0
            ],
            "Spin": false,
            "StartTrack": 0,
            "StretchFactor": 0.014999999664723873,
            "TextureTags": [
                "",
                "T_Shere_02_C_LGS",
                "",
                ""
            ],
            "TextureUsage": [
                false,
                true,
                false,
                false
            ],
            "Threshold": 0.0,
            "TickPerSecond": 60.0,
            "TileTickPerSec": 60.0,
            "TileX": 1,
            "TileY": 1,
            "isTileLoop": false
        },
        {
            "Accel": [
                -40.0099983215332,
                -13.170000076293945
            ],
            "Animation": false,
            "Billboard": false,
            "Center": [
                0.0,
                0.0,
                0.0
            ],
            "CenterColor": [
                1.0,
                0.5717771053314209,
                0.23560208082199097,
                1.0
            ],
            "CircleNormal": [
                0.0,
                1.0,
                0.0
            ],
            "Color": [
                1.0,
                0.8804582953453064,
                0.7434555292129517,
                1.0
            ],
            "DistortionStrength": 10.0,
            "Duration": 61,
            "EffectType": 1,
            "EmissiveIntensity": 0.800000011920929,
            "EndTrack": 61,
            "FlipUV": false,
            "Gravity": 3.5999999046325684,
            "IsCircleRange": false,
            "IsGravity": true,
            "KeyFrames": [
                {
                    "Color": [
                        1.0,
                        0.8804582953453064,
                        0.7434555292129517,
                        1.0
                    ],
                    "Intensity": 2.4000000953674316,
                    "Interpolation": 0,
                    "Rotation": [
                        0.0,
                        0.0,
                        0.0,
                        0.0
                    ],
                    "Scale": [
                        1.0,
                        1.0,
                        1.0
                    ],
                    "TrackPosition": 0.0,
                    "Translation": [
                        0.0,
                        0.0,
                        0.0
                    ]
                }
            ],
            "LifeTime": 493.6549377441406,
            "LifeTime_Particle": [
                0.09000000357627869,
                0.4000000059604645
            ],
            "Local": true,
            "Loop": false,
            "LoopInSet": false,
            "LoopInSet_Delay": -0.15000000596046448,
            "MaxLifeTime": 0.699999988079071,
            "MaxSpeed": 1000.0,
            "MinSpeed": 1.7699999809265137,
            "Name": "Player_GuardNormalParticle2",
            "NumInstance": 13,
            "NumKeyFrames": 1,
            "Orbit": true,
            "OrbitAxis": [
                0.0,
                1.0,
                0.0
            ],
            "OrbitSpeed": [
                -180.0,
                180.0
            ],
            "PType": 0,
            "Pivot": [
                0.0,
                0.0,
                0.0
            ],
            "Range": [
                0.029999999329447746,
                0.029999999329447746,
                0.029999999329447746
            ],
            "RenderGroup": 8,
            "RotationAxis": [
                0.0,
                0.0,
                0.0
            ],
            "RotationSpeed": [
                0.0,
                0.0
            ],
            "ShaderPass": 3,
            "ShrinkThreshold": 0.009999999776482582,
            "Size": [
                0.05000000074505806,
                0.10999999940395355
            ],
            "Speed": [
                5.0,
                6.0
            ],
            "Spin": false,
            "StartTrack": 0,
            "StretchFactor": 0.014999999664723873,
            "TextureTags": [
                "",
                "T_LightHouse_02_C_KMH",
                "",
                ""
            ],
            "TextureUsage": [
                false,
                true,
                false,
                false
            ],
            "Threshold": 0.0,
            "TickPerSecond": 60.0,
            "TileTickPerSec": 60.0,
            "TileX": 1,
            "TileY": 1,
            "isTileLoop": false
        }
    ],
    "Loop": false,
    "MaxFrame": 60
}