{
    "EffectObject": [
        {
            "Accel": [
                -1.0,
                -0.5
            ],
            "Animation": true,
            "Billboard": false,
            "Center": [
                0.0,
                0.0,
                0.0
            ],
            "CenterColor": [
                1.0,
                1.0,
                1.0,
                1.0
            ],
            "Color": [
                0.020942211151123047,
                0.0,
                1.0,
                1.0
            ],
            "DistortionStrength": 10.0,
            "Duration": 170,
            "EffectType": 1,
            "EmissiveIntensity": 0.30000001192092896,
            "EndTrack": 170,
            "FlipUV": false,
            "Gravity": -0.5,
            "IsGravity": true,
            "KeyFrames": [
                {
                    "Color": [
                        0.020942211151123047,
                        0.0,
                        1.0,
                        1.0
                    ],
                    "Intensity": 5.539999961853027,
                    "Interpolation": 0,
                    "Rotation": [
                        -2.39857513406605e-07,
                        0.00020114181097596884,
                        4.2797410060302354e-07,
                        1.0
                    ],
                    "Scale": [
                        0.9999864101409912,
                        0.9999958276748657,
                        0.9999777674674988
                    ],
                    "TrackPosition": 0.0,
                    "Translation": [
                        0.0,
                        0.0,
                        0.0
                    ]
                }
            ],
            "LifeTime": 826.8927001953125,
            "LifeTime_Particle": [
                0.10000000149011612,
                2.0
            ],
            "Local": true,
            "Loop": false,
            "MaxLifeTime": 3.0,
            "MaxSpeed": 1000.0,
            "MinSpeed": -2.0,
            "Name": "Player_Heal_SkelEmitterParticle1",
            "NumInstance": 300,
            "NumKeyFrames": 1,
            "Orbit": true,
            "OrbitAxis": [
                0.7071067690849304,
                0.7071067690849304,
                0.0
            ],
            "OrbitSpeed": [
                -90.0,
                90.0
            ],
            "PType": 0,
            "Pivot": [
                0.0,
                0.0,
                -0.009999999776482582
            ],
            "Range": [
                0.05000000074505806,
                0.05000000074505806,
                0.0
            ],
            "RenderGroup": 8,
            "RotationAxis": [
                0.0,
                0.0,
                0.0
            ],
            "RotationSpeed": [
                0.0,
                0.0
            ],
            "ShaderPass": 3,
            "Size": [
                0.029999999329447746,
                0.03999999910593033
            ],
            "Speed": [
                0.5,
                1.0
            ],
            "Spin": false,
            "StartTrack": 0,
            "TextureTags": [
                "",
                "T_Shere_05_C_HJS",
                "",
                ""
            ],
            "TextureUsage": [
                false,
                true,
                false,
                false
            ],
            "Threshold": 0.0,
            "TickPerSecond": 60.0,
            "TileTickPerSec": 60.0,
            "TileX": 1,
            "TileY": 1,
            "isTileLoop": false
        }
    ],
    "Loop": false,
    "MaxFrame": 116
}