{
    "EffectObject": [
        {
            "Accel": [
                -20.0,
                -10.0
            ],
            "Animation": true,
            "Billboard": false,
            "Center": [
                0.0,
                0.0,
                0.0
            ],
            "CenterColor": [
                1.0,
                1.0,
                1.0,
                1.0
            ],
            "Color": [
                0.020942211151123047,
                0.0,
                1.0,
                1.0
            ],
            "Duration": 170,
            "EffectType": 1,
            "EmissiveIntensity": 0.30000001192092896,
            "EndTrack": 170,
            "FlipUV": false,
            "Gravity": -1.0,
            "IsGravity": true,
            "KeyFrames": [
                {
                    "Color": [
                        0.020942211151123047,
                        0.0,
                        1.0,
                        1.0
                    ],
                    "Intensity": 1.0,
                    "Interpolation": 0,
                    "Rotation": [
                        -2.39857513406605e-07,
                        0.00020114181097596884,
                        4.2797410060302354e-07,
                        1.0
                    ],
                    "Scale": [
                        0.9999864101409912,
                        0.9999958276748657,
                        0.9999777674674988
                    ],
                    "TrackPosition": 0.0,
                    "Translation": [
                        0.0,
                        0.0,
                        0.0
                    ]
                }
            ],
            "LifeTime": 65.25759887695313,
            "LifeTime_Particle": [
                0.10000000149011612,
                3.0
            ],
            "Local": true,
            "Loop": false,
            "MaxLifeTime": 3.0,
            "MaxSpeed": 1000.0,
            "MinSpeed": 0.5,
            "Name": "Particle",
            "NumInstance": 300,
            "NumKeyFrames": 1,
            "Orbit": true,
            "OrbitAxis": [
                0.2357022762298584,
                0.9428091049194336,
                0.2357022762298584
            ],
            "OrbitSpeed": [
                -180.0,
                180.0
            ],
            "PType": 0,
            "Pivot": [
                0.0,
                0.0,
                0.0
            ],
            "Range": [
                0.05000000074505806,
                0.05000000074505806,
                0.0
            ],
            "RenderGroup": 8,
            "RotationAxis": [
                0.0,
                0.0,
                0.0
            ],
            "RotationSpeed": [
                0.0,
                0.0
            ],
            "ShaderPass": 3,
            "Size": [
                0.18000000715255737,
                0.18000000715255737
            ],
            "Speed": [
                0.5,
                1.0
            ],
            "Spin": false,
            "StartTrack": 0,
            "TextureTags": [
                "",
                "T_Shere_05_C_HJS",
                "",
                ""
            ],
            "TextureUsage": [
                true,
                true,
                false,
                false
            ],
            "Threshold": 0.0,
            "TickPerSecond": 60.0,
            "TileTickPerSec": 60.0,
            "TileX": 1,
            "TileY": 1,
            "isTileLoop": false
        },
        {
            "Animation": true,
            "Billboard": true,
            "CenterColor": [
                0.26167044043540955,
                0.282740980386734,
                0.38743454217910767,
                1.0
            ],
            "Color": [
                0.0,
                0.16753935813903809,
                1.0,
                1.0
            ],
            "Duration": 171,
            "EffectType": 0,
            "EmissiveIntensity": 0.30000001192092896,
            "EndTrack": 289,
            "FlipUV": false,
            "KeyFrames": [
                {
                    "Color": [
                        0.0,
                        0.16753935813903809,
                        1.0,
                        1.0
                    ],
                    "Intensity": 2.319999933242798,
                    "Interpolation": 1,
                    "Rotation": [
                        0.0,
                        0.0,
                        0.0,
                        0.0
                    ],
                    "Scale": [
                        0.0,
                        0.0,
                        0.0
                    ],
                    "TrackPosition": 0.0,
                    "Translation": [
                        0.0,
                        0.0,
                        0.0
                    ]
                },
                {
                    "Color": [
                        0.019607843831181526,
                        0.0,
                        1.0,
                        1.0
                    ],
                    "Intensity": 2.319999933242798,
                    "Interpolation": 1,
                    "Rotation": [
                        0.0,
                        0.0,
                        0.0,
                        0.0
                    ],
                    "Scale": [
                        1.5,
                        1.5,
                        1.5
                    ],
                    "TrackPosition": 8.0,
                    "Translation": [
                        0.0,
                        0.0,
                        0.0
                    ]
                },
                {
                    "Color": [
                        1.0,
                        1.0,
                        1.0,
                        0.0
                    ],
                    "Intensity": 0.0,
                    "Interpolation": 0,
                    "Rotation": [
                        0.0,
                        0.0,
                        0.0,
                        0.0
                    ],
                    "Scale": [
                        1.0,
                        1.0,
                        1.0
                    ],
                    "TrackPosition": 12.0,
                    "Translation": [
                        0.0,
                        0.0,
                        0.0
                    ]
                }
            ],
            "LifeTime": 11.124163627624512,
            "Loop": true,
            "Name": "Sprite",
            "NumKeyFrames": 3,
            "RenderGroup": 8,
            "ShaderPass": 5,
            "StartTrack": 118,
            "TextureTags": [
                "",
                "T_LensFlare_01_C_KMH",
                "",
                ""
            ],
            "TextureUsage": [
                false,
                true,
                false,
                false
            ],
            "Threshold": 0.0,
            "TickPerSecond": 60.0,
            "TileTickPerSec": 60.0,
            "TileX": 1,
            "TileY": 1
        },
        {
            "Animation": true,
            "Billboard": true,
            "CenterColor": [
                0.5433513522148132,
                0.6163495779037476,
                0.9790576100349426,
                0.5078533887863159
            ],
            "Color": [
                0.486705482006073,
                0.47643977403640747,
                1.0,
                1.0
            ],
            "Duration": 173,
            "EffectType": 0,
            "EmissiveIntensity": 0.30000001192092896,
            "EndTrack": 291,
            "FlipUV": false,