{
    "EffectObject": [
        {
            "Accel": [
                5.0,
                8.0
            ],
            "Animation": true,
            "Billboard": false,
            "Center": [
                0.0,
                0.0,
                0.0
            ],
            "CenterColor": [
                0.3019607961177826,
                0.6823529601097107,
                1.0,
                1.0
            ],
            "CircleNormal": [
                0.0,
                1.0,
                0.0
            ],
            "Color": [
                1.0,
                1.0,
                1.0,
                1.0
            ],
            "DistortionStrength": 10.0,
            "Duration": 153,
            "EffectType": 1,
            "EmissiveIntensity": 0.550000011920929,
            "EndTrack": 153,
            "FlipUV": false,
            "Gravity": 0.25,
            "IsCircleRange": false,
            "IsGravity": false,
            "KeyFrames": [
                {
                    "Color": [
                        1.0,
                        1.0,
                        1.0,
                        1.0
                    ],
                    "Intensity": 1.7300000190734863,
                    "Interpolation": 0,
                    "Rotation": [
                        0.0,
                        0.0,
                        0.0,
                        0.0
                    ],
                    "Scale": [
                        1.0,
                        1.0,
                        1.0
                    ],
                    "TrackPosition": 0.0,
                    "Translation": [
                        0.0,
                        0.0,
                        0.0
                    ]
                }
            ],
            "LifeTime": 7524.32470703125,
            "LifeTime_Particle": [
                2.200000047683716,
                3.200000047683716
            ],
            "Local": true,
            "Loop": false,
            "LoopInSet": false,
            "LoopInSet_Delay": 0.0,
            "MaxLifeTime": 4.0,
            "MaxSpeed": 7.0,
            "MinSpeed": 0.0,
            "Name": "Revive",
            "NumInstance": 5000,
            "NumKeyFrames": 1,
            "Orbit": true,
            "OrbitAxis": [
                0.4574957489967346,
                0.7624928951263428,
                0.4574957489967346
            ],
            "OrbitSpeed": [
                -13.0,
                13.0
            ],
            "PType": 3,
            "Pivot": [
                0.0,
                -6.0,
                0.0
            ],
            "Range": [
                9.0,
                9.0,
                9.0
            ],
            "RenderGroup": 8,
            "RotationAxis": [
                0.0,
                0.0,
                0.0
            ],
            "RotationSpeed": [
                0.0,
                0.0
            ],
            "ShaderPass": 3,
            "ShrinkThreshold": 1.2999999523162842,
            "Size": [
                0.019999999552965164,
                0.029999999329447746
            ],
            "Speed": [
                0.10000000149011612,
                0.5
            ],
            "Spin": false,
            "StartTrack": 0,
            "StretchFactor": 0.020999999716877937,
            "TextureTags": [
                "",
                "T_Shere_04_C_HJS",
                "",
                ""
            ],
            "TextureUsage": [
                false,
                true,
                false,
                false
            ],
            "Threshold": 0.0,
            "TickPerSecond": 60.0,
            "TileTickPerSec": 60.0,
            "TileX": 1,
            "TileY": 1,
            "isTileLoop": false
        }
    ],
    "Loop": false,
    "MaxFrame": 150
}