{
    "EffectObject": [
        {
            "Accel": [
                0.0,
                0.0
            ],
            "Animation": true,
            "Billboard": false,
            "Center": [
                0.0,
                0.0,
                0.0
            ],
            "CenterColor": [
                1.0,
                1.0,
                1.0,
                0.5235601663589478
            ],
            "Color": [
                1.0,
                1.0,
                1.0,
                0.4921466112136841
            ],
            "DistortionStrength": 8.399999809265137,
            "Duration": 1017,
            "EffectType": 1,
            "EmissiveIntensity": 0.45,
            "EndTrack": 1017,
            "FlipUV": true,
            "Gravity": 14.399999618530273,
            "IsGravity": false,
            "KeyFrames": [
                {
                    "Color": [
                        1.0,
                        1.0,
                        1.0,
                        0.4921466112136841
                    ],
                    "Intensity": 1.5200000,
                    "Interpolation": 0,
                    "Rotation": [
                        0.0,
                        0.0,
                        0.0,
                        0.0
                    ],
                    "Scale": [
                        1.0,
                        1.0,
                        1.0
                    ],
                    "TrackPosition": 0.0,
                    "Translation": [
                        0.0,
                        0.0,
                        0.0
                    ]
                }
            ],
            "LifeTime": 17.107421875,
            "LifeTime_Particle": [
                1.0,
                3.0
            ],
            "Local": true,
            "Loop": true,
            "MaxLifeTime": 4.0,
            "MaxSpeed": 300.0,
            "MinSpeed": 0.0,
            "Name": "NEWRAIN",
            "NumInstance": 1000,
            "NumKeyFrames": 1,
            "Orbit": true,
            "OrbitAxis": [
                0.0,
                1.0,
                0.0
            ],
            "OrbitSpeed": [
                -20.0,
                20.0
            ],
            "PType": 1,
            "Pivot": [
                -0.20000000298023224,
                1.0,
                0.0
            ],
            "Range": [
                5.0,
                2.0,
                5.0
            ],
            "RenderGroup": 8,
            "RotationAxis": [
                0.0,
                0.0,
                0.0
            ],
            "RotationSpeed": [
                0.0,
                0.0
            ],
            "ShaderPass": 5,
            "ShrinkThreshold": 0.009999999776482582,
            "Size": [
                0.019999999552965164,
                0.029999999329447746
            ],
            "Speed": [
                10.0,
                13.0
            ],
            "Spin": false,
            "StartTrack": 0,
            "StretchFactor": 0.052000001072883606,
            "TextureTags": [
                "T_Shere_04_C_HJS",
                "Rain_Noise_68_C_PCY",
                "T_Rain_Drips_01_C_PCY",
                ""
            ],
            "TextureUsage": [
                true,
                true,
                true,
                false
            ],
            "Threshold": 0.0,
            "TickPerSecond": 60.0,
            "TileTickPerSec": 60.0,
            "TileX": 1,
            "TileY": 1,
            "isTileLoop": false
        }
    ],
    "Loop": true,
    "MaxFrame": 100
}