{
    "EffectObject": [
        {
            "Accel": [
                0.0,
                0.0
            ],
            "Animation": true,
            "Billboard": false,
            "Center": [
                0.0,
                0.0,
                0.0
            ],
            "CenterColor": [
                1.0,
                1.0,
                1.0,
                0.6335078477859497
            ],
            "Color": [
                1.0,
                1.0,
                1.0,
                0.7958115339279175
            ],
            "DistortionStrength": 23.5,
            "Duration": 1017,
            "EffectType": 1,
            "EmissiveIntensity": 0.0,
            "EndTrack": 1017,
            "FlipUV": true,
            "Gravity": 14.399999618530273,
            "IsGravity": false,
            "KeyFrames": [
                {
                    "Color": [
                        1.0,
                        1.0,
                        1.0,
                        0.7958115339279175
                    ],
                    "Intensity": 1.0,
                    "Interpolation": 0,
                    "Rotation": [
                        0.0,
                        0.0,
                        0.0,
                        0.0
                    ],
                    "Scale": [
                        1.0,
                        1.0,
                        1.0
                    ],
                    "TrackPosition": 0.0,
                    "Translation": [
                        0.0,
                        0.0,
                        0.0
                    ]
                }
            ],
            "LifeTime": 1824.9383544921875,
            "LifeTime_Particle": [
                1.0,
                3.0
            ],
            "Local": true,
            "Loop": true,
            "MaxLifeTime": 4.0,
            "MaxSpeed": 300.0,
            "MinSpeed": 0.0,
            "Name": "NEW_OuterRain",
            "NumInstance": 5000,
            "NumKeyFrames": 1,
            "Orbit": true,
            "OrbitAxis": [
                0.0,
                1.0,
                0.0
            ],
            "OrbitSpeed": [
                -20.0,
                20.0
            ],
            "PType": 1,
            "Pivot": [
                -0.14000000059604645,
                1.0,
                0.03999999910593033
            ],
            "Range": [
                6.0,
                1.0,
                18.0
            ],
            "RenderGroup": 8,
            "RotationAxis": [
                0.0,
                0.0,
                0.0
            ],
            "RotationSpeed": [
                0.0,
                0.0
            ],
            "ShaderPass": 5,
            "ShrinkThreshold": 0.009999999776482582,
            "Size": [
                0.009999999776482582,
                0.029999999329447746
            ],
            "Speed": [
                20.0,
                24.0
            ],
            "Spin": false,
            "StartTrack": 0,
            "StretchFactor": 0.03700000047683716,
            "TextureTags": [
                "T_Shere_05_C_HJS",
                "T_Rain_Drip_Mask_01_C_RSW",
                "T_Decal_Crack_02_N_HJS",
                ""
            ],
            "TextureUsage": [
                true,
                true,
                true,
                false
            ],
            "Threshold": 0.0,
            "TickPerSecond": 60.0,
            "TileTickPerSec": 60.0,
            "TileX": 1,
            "TileY": 1,
            "isTileLoop": false
        }
    ],
    "Loop": true,
    "MaxFrame": 100
}