{
    "EffectObject": [
        {
            "Accel": [
                0.0,
                0.0
            ],
            "Animation": true,
            "Billboard": false,
            "Center": [
                0.0,
                0.0,
                0.0
            ],
            "CenterColor": [
                0.0,
                0.6073300838470459,
                1.0,
                1.0
            ],
            "CircleNormal": [
                0.0,
                1.0,
                0.0
            ],
            "Color": [
                0.6125654578208923,
                0.8356953263282776,
                1.0,
                1.0
            ],
            "DistortionStrength": 10.0,
            "Duration": 100,
            "EffectType": 1,
            "EmissiveIntensity": 10.0,
            "EndTrack": 100,
            "FlipUV": false,
            "Gravity": 9.800000190734863,
            "IsCircleRange": false,
            "IsGravity": false,
            "KeyFrames": [
                {
                    "Color": [
                        0.6125654578208923,
                        0.8356953263282776,
                        1.0,
                        1.0
                    ],
                    "Intensity": 3.950000047683716,
                    "Interpolation": 0,
                    "Rotation": [
                        0.0,
                        0.0,
                        0.0,
                        0.0
                    ],
                    "Scale": [
                        1.0,
                        1.0,
                        1.0
                    ],
                    "TrackPosition": 0.0,
                    "Translation": [
                        0.0,
                        0.0,
                        0.0
                    ]
                }
            ],
            "LifeTime": 17401.416015625,
            "LifeTime_Particle": [
                0.10000000149011612,
                0.30000001192092896
            ],
            "Local": true,
            "Loop": true,
            "LoopInSet": true,
            "LoopInSet_Delay": 0.30000001192092896,
            "MaxLifeTime": 0.5,
            "MaxSpeed": 1000.0,
            "MinSpeed": 0.0,
            "Name": "help1",
            "NumInstance": 2,
            "NumKeyFrames": 1,
            "Orbit": false,
            "OrbitAxis": [
                0.0,
                0.0,
                0.0
            ],
            "OrbitSpeed": [
                0.0,
                0.0
            ],
            "PType": 0,
            "Pivot": [
                0.0,
                0.0,
                0.0
            ],
            "Range": [
                0.5,
                0.2,
                0.3
            ],
            "RenderGroup": 8,
            "RotationAxis": [
                0.0,
                0.0,
                0.0
            ],
            "RotationSpeed": [
                0.0,
                0.0
            ],
            "ShaderPass": 7,
            "ShrinkThreshold": 0.009999999776482582,
            "Size": [
                0.10000000149011612,
                0.30000001192092896
            ],
            "Speed": [
                0.0,
                0.0
            ],
            "Spin": false,
            "StartTrack": 0,
            "StretchFactor": 0.014999999664723873,
            "TextureTags": [
                "",
                "T_SubUV_Thunder_06_2x2_SC_HJS",
                "T_Waterfall_Foam_01_SC_RSW",
                ""
            ],
            "TextureUsage": [
                false,
                true,
                true,
                false
            ],
            "Threshold": 0.0,
            "TickPerSecond": 60.0,
            "TileTickPerSec": 17.0,
            "TileX": 3,
            "TileY": 1,
            "isTileLoop": false
        },
        {
            "Accel": [
                0.0,
                0.0
            ],
            "Animation": true,
            "Billboard": false,
            "Center": [
                0.0,
                0.0,
                0.0
            ],
            "CenterColor": [
                0.3141361474990845,
                0.7306818962097168,
                1.0,
                1.0
            ],
            "CircleNormal": [
                1.0,
                0.0,
                0.0
            ],
            "Color": [
                0.6117647290229797,
                0.8352941274642944,
                1.0,
                1.0
            ],
            "DistortionStrength": 10.0,
            "Duration": 100,
            "EffectType": 1,
            "EmissiveIntensity": 10.0,
            "EndTrack": 100,
            "FlipUV": true,
            "Gravity": 9.800000190734863,
            "IsCircleRange": false,
            "IsGravity": false,
            "KeyFrames": [
                {
                    "Color": [
                        0.6117647290229797,
                        0.8352941274642944,
                        1.0,
                        1.0
                    ],
                    "Intensity": 7.380000114440918,
                    "Interpolation": 0,
                    "Rotation": [
                        0.0,
                        0.0,
                        0.0,
                        0.0
                    ],
                    "Scale": [
                        1.0,
                        1.0,
                        1.0
                    ],
                    "TrackPosition": 0.0,
                    "Translation": [
                        0.0,
                        0.0,
                        0.0
                    ]
                }
            ],
            "LifeTime": 16754.302734375,
            "LifeTime_Particle": [
                0.10000000149011612,
                0.30000001192092896
            ],
            "Local": true,
            "Loop": true,
            "LoopInSet": true,
            "LoopInSet_Delay": 0.19999998807907104,
            "MaxLifeTime": 0.5,
            "MaxSpeed": 1000.0,
            "MinSpeed": 0.0,
            "Name": "help2",
            "NumInstance": 1,
            "NumKeyFrames": 1,
            "Orbit": false,
            "OrbitAxis": [
                0.0,
                0.0,
                0.0
            ],
            "OrbitSpeed": [
                0.0,
                0.0
            ],
            "PType": 0,
            "Pivot": [
                0.0,
                0.0,
                0.0
            ],
            "Range": [
                0.5,
                0.2,
                0.3
            ],
            "RenderGroup": 8,
            "RotationAxis": [
                0.0,
                0.0,
                0.0
            ],
            "RotationSpeed": [
                0.0,
                0.0
            ],
            "ShaderPass": 7,
            "ShrinkThreshold": 0.009999999776482582,
            "Size": [
                0.10000000149011612,
                0.30000001192092896
            ],
            "Speed": [
                0.0,
                0.0
            ],
            "Spin": false,
            "StartTrack": 0,
            "StretchFactor": 0.014999999664723873,
            "TextureTags": [
                "",
                "T_SubUV_Thunder_06_2x2_SC_HJS",
                "T_Waterfall_Foam_01_SC_RSW",
                ""
            ],
            "TextureUsage": [
                false,
                true,
                true,
                false
            ],
            "Threshold": 0.0,
            "TickPerSecond": 60.0,
            "TileTickPerSec": 17.0,
            "TileX": 8,
            "TileY": 5,
            "isTileLoop": false
        },
        {
            "Accel": [
                0.0,
                0.0
            ],
            "Animation": true,
            "Billboard": false,
            "Center": [
                0.0,
                0.0,
                0.0
            ],