{
    "EffectObject": [
        {
            "Accel": [
                0.0,
                0.0
            ],
            "Animation": true,
            "Billboard": false,
            "Center": [
                0.0,
                0.0,
                0.0
            ],
            "CenterColor": [
                0.8481675386428833,
                0.8926838636398315,
                1.0,
                0.3455497622489929
            ],
            "CircleNormal": [
                0.0,
                1.0,
                0.0
            ],
            "Color": [
                0.1256544589996338,
                0.3545408844947815,
                1.0,
                0.2565445303916931
            ],
            "DistortionStrength": 10.0,
            "Duration": 20,
            "EffectType": 1,
            "EmissiveIntensity": 10.0,
            "EndTrack": 20,
            "FlipUV": false,
            "Gravity": 9.800000190734863,
            "IsCircleRange": false,
            "IsGravity": false,
            "KeyFrames": [
                {
                    "Color": [
                        0.1256544589996338,
                        0.3545408844947815,
                        1.0,
                        0.2565445303916931
                    ],
                    "Intensity": 1.8200000524520874,
                    "Interpolation": 0,
                    "Rotation": [
                        0.0,
                        0.0,
                        0.0,
                        0.0
                    ],
                    "Scale": [
                        1.0,
                        1.0,
                        1.0
                    ],
                    "TrackPosition": 0.0,
                    "Translation": [
                        0.0,
                        0.0,
                        0.0
                    ]
                }
            ],
            "LifeTime": 1010.7168579101563,
            "LifeTime_Particle": [
                0.4000000059604645,
                0.4000000059604645
            ],
            "Local": true,
            "Loop": false,
            "LoopInSet": false,
            "LoopInSet_Delay": 3.5999999046325684,
            "MaxLifeTime": 4.0,
            "MaxSpeed": 1000.0,
            "MinSpeed": 0.0,
            "Name": "Shortcut_Unlock_P1",
            "NumInstance": 1,
            "NumKeyFrames": 1,
            "Orbit": false,
            "OrbitAxis": [
                0.0,
                0.0,
                0.0
            ],
            "OrbitSpeed": [
                0.0,
                0.0
            ],
            "PType": 0,
            "Pivot": [
                0.0,
                0.0,
                0.0
            ],
            "Range": [
                0.009999999776482582,
                0.009999999776482582,
                0.009999999776482582
            ],
            "RenderGroup": 8,
            "RotationAxis": [
                0.0,
                0.0,
                0.0
            ],
            "RotationSpeed": [
                0.0,
                0.0
            ],
            "ShaderPass": 7,
            "ShrinkThreshold": 0.009999999776482582,
            "Size": [
                0.35,
                0.35
            ],
            "Speed": [
                0.0,
                0.0
            ],
            "Spin": false,
            "StartTrack": 0,
            "StretchFactor": 0.014999999664723873,
            "TextureTags": [
                "",
                "T_SubUV_Water_Sub_01_2x2_SC_HJS",
                "T_Waterfall_Foam_01_SC_RSW",
                ""
            ],
            "TextureUsage": [
                false,
                true,
                true,
                false
            ],
            "Threshold": 0.0,
            "TickPerSecond": 60.0,
            "TileTickPerSec": 0.0,
            "TileX": 2,
            "TileY": 2,
            "isTileLoop": false
        },
        {
            "Accel": [
                0.0,
                0.0
            ],
            "Animation": true,
            "Billboard": false,
            "Center": [
                0.0,
                0.0,
                0.0
            ],
            "CenterColor": [
                0.8470588326454163,
                0.8941176533699036,
                1.0,
                1.0
            ],
            "CircleNormal": [
                0.0,
                1.0,
                0.0
            ],
            "Color": [
                0.125490203499794,
                0.3529411852359772,
                1.0,
                1.0
            ],
            "DistortionStrength": 10.0,
            "Duration": 20,
            "EffectType": 1,
            "EmissiveIntensity": 10.0,
            "EndTrack": 20,
            "FlipUV": false,
            "Gravity": 9.800000190734863,
            "IsCircleRange": false,
            "IsGravity": false,
            "KeyFrames": [
                {
                    "Color": [
                        0.125490203499794,
                        0.3529411852359772,
                        1.0,
                        1.0
                    ],
                    "Intensity": 7.230000019073486,
                    "Interpolation": 0,
                    "Rotation": [
                        0.0,
                        0.0,
                        0.0,
                        0.0
                    ],
                    "Scale": [
                        1.0,
                        1.0,
                        1.0
                    ],
                    "TrackPosition": 0.0,
                    "Translation": [
                        0.0,
                        0.0,
                        0.0
                    ]
                }
            ],
            "LifeTime": 159.2856903076172,
            "LifeTime_Particle": [
                0.4000000059604645,
                0.4000000059604645
            ],
            "Local": true,
            "Loop": false,
            "LoopInSet": false,
            "LoopInSet_Delay": 0.0,
            "MaxLifeTime": 0.4000000059604645,
            "MaxSpeed": 1000.0,
            "MinSpeed": 0.0,
            "Name": "Shortcut_Unlock_P2",
            "NumInstance": 1,
            "NumKeyFrames": 1,
            "Orbit": false,
            "OrbitAxis": [
                0.0,
                0.0,
                0.0
            ],
            "OrbitSpeed": [
                0.0,
                0.0
            ],
            "PType": 0,
            "Pivot": [
                0.0,
                0.0,
                0.0
            ],
            "Range": [
                0.009999999776482582,
                0.009999999776482582,
                0.009999999776482582
            ],
            "RenderGroup": 8,
            "RotationAxis": [
                0.0,
                0.0,
                0.0
            ],
            "RotationSpeed": [
                0.0,
                0.0
            ],
            "ShaderPass": 7,
            "ShrinkThreshold": 0.009999999776482582,
            "Size": [
                0.35,
                0.35
            ],
            "Speed": [
                0.0,
                0.0
            ],
            "Spin": false,
            "StartTrack": 0,
            "StretchFactor": 0.014999999664723873,
            "TextureTags": [
                "",
                "T_SubUV_Thunder_06_2x2_SC_HJS",
                "",
                ""
            ],
            "TextureUsage": [
                false,
                true,
                false,
                false
            ],
            "Threshold": 0.0,
            "TickPerSecond": 60.0,
            "TileTickPerSec": 0.0,
            "TileX": 2,
            "TileY": 2,
            "isTileLoop": false
        }
    ],
    "Loop": false,
    "MaxFrame": 20
}