{
    "EffectObject": [
        {
            "Accel": [
                2.0,
                3.0
            ],
            "Animation": true,
            "Billboard": false,
            "Center": [
                0.0,
                0.0,
                0.0
            ],
            "CenterColor": [
                0.3019607961177826,
                0.6823529601097107,
                1.0,
                1.0
            ],
            "Color": [
                0.7591623067855835,
                0.935692548751831,
                1.0,
                1.0
            ],
            "DistortionStrength": 10.0,
            "Duration": 200,
            "EffectType": 1,
            "EmissiveIntensity": 0.6000000238418579,
            "EndTrack": 200,
            "FlipUV": false,
            "Gravity": -0.20000000298023224,
            "IsGravity": false,
            "KeyFrames": [
                {
                    "Color": [
                        0.7591623067855835,
                        0.935692548751831,
                        1.0,
                        1.0
                    ],
                    "Intensity": 1.850000023841858,
                    "Interpolation": 0,
                    "Rotation": [
                        0.0,
                        0.0,
                        0.0,
                        0.0
                    ],
                    "Scale": [
                        1.0,
                        1.0,
                        1.0
                    ],
                    "TrackPosition": 0.0,
                    "Translation": [
                        0.0,
                        0.0,
                        0.0
                    ]
                }
            ],
            "LifeTime": 6315.841796875,
            "LifeTime_Particle": [
                0.699999988079071,
                1.2000000476837158
            ],
            "Local": true,
            "Loop": false,
            "MaxLifeTime": 4.0,
            "MaxSpeed": 2.0,
            "MinSpeed": 0.0,
            "Name": "Stargazer_SpinParticle1",
            "NumInstance": 1000,
            "NumKeyFrames": 1,
            "Orbit": true,
            "OrbitAxis": [
                0.0,
                1.0,
                0.0
            ],
            "OrbitSpeed": [
                -360.0,
                -360.0
            ],
            "PType": 0,
            "Pivot": [
                0.0,
                -0.004999999888241291,
                0.0
            ],
            "Range": [
                0.07000000029802322,
                0.009999999776482582,
                0.07000000029802322
            ],
            "RenderGroup": 8,
            "RotationAxis": [
                0.0,
                0.0,
                0.0
            ],
            "RotationSpeed": [
                0.0,
                0.0
            ],
            "ShaderPass": 3,
            "ShrinkThreshold": 0.009999999776482582,
            "Size": [
                0.019999999552965164,
                0.029999999329447746
            ],
            "Speed": [
                0.03999999910593033,
                0.05000000074505806
            ],
            "Spin": false,
            "StartTrack": 0,
            "StretchFactor": 0.014999999664723873,
            "TextureTags": [
                "",
                "T_Shere_03_C_HJS",
                "",
                ""
            ],
            "TextureUsage": [
                false,
                true,
                false,
                false
            ],
            "Threshold": 0.0,
            "TickPerSecond": 60.0,
            "TileTickPerSec": 60.0,
            "TileX": 1,
            "TileY": 1,
            "isTileLoop": false
        }
    ],
    "Loop": true,
    "MaxFrame": 60
}