{
    "EffectObject": [
        {
            "Accel": [
                0.0,
                0.0
            ],
            "Animation": true,
            "Billboard": false,
            "Center": [
                0.0,
                0.0,
                0.0
            ],
            "CenterColor": [
                0.282722532749176,
                0.44795936346054077,
                1.0,
                1.0
            ],
            "Color": [
                0.14659643173217773,
                0.0,
                1.0,
                1.0
            ],
            "DistortionStrength": 10.0,
            "Duration": 98,
            "EffectType": 1,
            "EmissiveIntensity": 2.5999999046325684,
            "EndTrack": 98,
            "FlipUV": false,
            "Gravity": 9.800000190734863,
            "IsGravity": false,
            "KeyFrames": [
                {
                    "Color": [
                        0.14659643173217773,
                        0.0,
                        1.0,
                        1.0
                    ],
                    "Intensity": 10.609999656677246,
                    "Interpolation": 0,
                    "Rotation": [
                        0.0,
                        0.0,
                        0.0,
                        0.0
                    ],
                    "Scale": [
                        1.0,
                        1.0,
                        1.0
                    ],
                    "TrackPosition": 0.0,
                    "Translation": [
                        0.0,
                        0.0,
                        0.0
                    ]
                }
            ],
            "LifeTime": 5862.11181640625,
            "LifeTime_Particle": [
                0.20000000298023224,
                0.7
            ],
            "Local": true,
            "Loop": true,
            "MaxLifeTime": 4.0,
            "MaxSpeed": 1000.0,
            "MinSpeed": 0.0,
            "Name": "Test_LightningParticle1",
            "NumInstance": 2,
            "NumKeyFrames": 1,
            "Orbit": false,
            "OrbitAxis": [
                0.0,
                0.0,
                0.0
            ],
            "OrbitSpeed": [
                0.0,
                0.0
            ],
            "PType": 0,
            "Pivot": [
                0.0,
                0.0,
                0.0
            ],
            "Range": [
                0.30000001192092896,
                0.30000001192092896,
                0.30000001192092896
            ],
            "RenderGroup": 8,
            "RotationAxis": [
                0.0,
                0.0,
                0.0
            ],
            "RotationSpeed": [
                0.0,
                0.0
            ],
            "ShaderPass": 7,
            "Size": [
                0.10000000149011612,
                0.4000000059604645
            ],
            "Speed": [
                0.0,
                0.0
            ],
            "Spin": false,
            "StartTrack": 0,
            "TextureTags": [
                "",
                "T_SubUV_Lightning_01_4x4_SC_LGS",
                "T_Waterfall_Foam_01_SC_RSW",
                ""
            ],
            "TextureUsage": [
                false,
                true,
                true,
                false
            ],
            "Threshold": 0.0,
            "TickPerSecond": 60.0,
            "TileTickPerSec": 15.0,
            "TileX": 4,
            "TileY": 4,
            "isTileLoop": false
        },
        {
            "Accel": [
                0.0,
                0.0
            ],
            "Animation": true,
            "Billboard": false,
            "Center": [
                0.0,
                0.0,
                0.0
            ],
            "CenterColor": [
                0.42408376932144165,
                0.5205724239349365,
                1.0,
                1.0
            ],
            "Color": [
                0.0,
                0.0418848991394043,
                1.0,
                1.0
            ],
            "DistortionStrength": 10.0,
            "Duration": 98,
            "EffectType": 1,
            "EmissiveIntensity": 3.5999999046325684,
            "EndTrack": 98,
            "FlipUV": false,
            "Gravity": 9.800000190734863,
            "IsGravity": false,
            "KeyFrames": [
                {
                    "Color": [
                        0.0,
                        0.0418848991394043,
                        1.0,
                        1.0
                    ],
                    "Intensity": 2.7899999618530273,
                    "Interpolation": 0,
                    "Rotation": [
                        0.0,
                        0.0,
                        0.0,
                        0.0
                    ],
                    "Scale": [
                        1.0,
                        1.0,
                        1.0
                    ],
                    "TrackPosition": 0.0,
                    "Translation": [
                        0.0,
                        0.0,
                        0.0
                    ]
                }
            ],
            "LifeTime": 967.2449340820313,
            "LifeTime_Particle": [
                0.20000000298023224,
                0.7
            ],
            "Local": true,
            "Loop": true,
            "MaxLifeTime": 0.5,
            "MaxSpeed": 1000.0,
            "MinSpeed": 0.0,
            "Name": "Test_LightningParticle2",
            "NumInstance": 2,
            "NumKeyFrames": 1,
            "Orbit": false,
            "OrbitAxis": [
                0.0,
                0.0,
                0.0
            ],
            "OrbitSpeed": [
                0.0,
                0.0
            ],
            "PType": 0,
            "Pivot": [
                0.0,
                0.0,
                0.0
            ],
            "Range": [
                0.30000001192092896,
                0.30000001192092896,
                0.30000001192092896
            ],
            "RenderGroup": 8,
            "RotationAxis": [
                0.0,
                0.0,
                0.0
            ],
            "RotationSpeed": [
                0.0,
                0.0
            ],
            "ShaderPass": 7,
            "Size": [
                0.10000000149011612,
                0.4000000059604645
            ],
            "Speed": [
                0.0,
                0.0
            ],
            "Spin": false,
            "StartTrack": 0,
            "TextureTags": [
                "",
                "T_SubUV_Thunder_06_2x2_SC_HJS",
                "T_Waterfall_Foam_01_SC_RSW",
                ""
            ],
            "TextureUsage": [
                false,
                true,
                true,
                false
            ],
            "Threshold": 0.0,
            "TickPerSecond": 60.0,
            "TileTickPerSec": 10.0,
            "TileX": 2,
            "TileY": 2,
            "isTileLoop": false
        },
        {
            "Accel": [
                0.0,
                0.0
            ],
            "Animation": true,
            "Billboard": false,
            "Center": [
                0.0,
                0.0,
                0.0
            ],
            "CenterColor": [
                0.47120416164398193,
                0.6594665050506592,
                1.0,
                1.0
            ],
            "Color": [
                0.0,
                0.32460737228393555,
                1.0,
                1.0
            ],
            "DistortionStrength": 10.0,
            "Duration": 98,
            "EffectType": 1,
            "EmissiveIntensity": 10.0,
            "EndTrack": 98,
            "FlipUV": true,
            "Gravity": 9.800000190734863,
            "IsGravity": false,