{
    "EffectObject": [
        {
            "Accel": [
                -20.0,
                -15.0
            ],
            "Animation": true,
            "Billboard": false,
            "Center": [
                0.0,
                0.0,
                0.0
            ],
            "CenterColor": [
                1.0,
                0.44795918464660645,
                0.23036646842956543,
                1.0
            ],
            "Color": [
                1.0,
                0.0628272294998169,
                0.0,
                1.0
            ],
            "Duration": 200,
            "EffectType": 1,
            "EmissiveIntensity": 1.75,
            "EndTrack": 200,
            "FlipUV": false,
            "Gravity": 9.800000190734863,
            "IsGravity": false,
            "KeyFrames": [
                {
                    "Color": [
                        1.0,
                        0.0628272294998169,
                        0.0,
                        1.0
                    ],
                    "Intensity": 2.430000066757202,
                    "Interpolation": 0,
                    "Rotation": [
                        0.0,
                        0.0,
                        0.0,
                        0.0
                    ],
                    "Scale": [
                        0.800000011920929,
                        0.800000011920929,
                        0.800000011920929
                    ],
                    "TrackPosition": 0.0,
                    "Translation": [
                        0.0,
                        0.0,
                        0.0
                    ]
                }
            ],
            "LifeTime": 2474.72802734375,
            "LifeTime_Particle": [
                0.23000000417232513,
                1.0700000524520874
            ],
            "Local": true,
            "Loop": true,
            "MaxLifeTime": 4.0,
            "MaxSpeed": 500.0,
            "MinSpeed": 0.10000000149011612,
            "Name": "Grinder_VerticalParticle",
            "NumInstance": 100,
            "NumKeyFrames": 1,
            "Orbit": true,
            "OrbitAxis": [
                0.0,
                0.0,
                1.0
            ],
            "OrbitSpeed": [
                -30.0,
                30.0
            ],
            "PType": 0,
            "Pivot": [
                0.30000001192092896,
                -0.15000000074505806,
                0.5
            ],
            "Range": [
                0.07999999821186066,
                0.07999999821186066,
                0.07999999821186066
            ],
            "RenderGroup": 8,
            "RotationAxis": [
                0.0,
                0.0,
                0.0
            ],
            "RotationSpeed": [
                0.0,
                0.0
            ],
            "ShaderPass": 3,
            "Size": [
                0.010999999940395355,
                0.02800000086426735
            ],
            "Speed": [
                10.0,
                15.0
            ],
            "Spin": false,
            "StartTrack": 0,
            "TextureTags": [
                "",
                "T_Shere_07_C_LGS",
                "",
                ""
            ],
            "TextureUsage": [
                false,
                true,
                false,
                false
            ],
            "Threshold": 0.0,
            "TickPerSecond": 60.0,
            "TileX": 1,
            "TileY": 1
        },
        {
            "Accel": [
                -20.0,
                -14.0
            ],
            "Animation": true,
            "Billboard": false,
            "Center": [
                0.0,
                0.0,
                0.0
            ],
            "CenterColor": [
                1.0,
                0.4470588266849518,
                0.23137255012989044,
                1.0
            ],
            "Color": [
                1.0,
                0.062745101749897,
                0.0,
                1.0
            ],
            "Duration": 200,
            "EffectType": 1,
            "EmissiveIntensity": 1.7000000476837158,
            "EndTrack": 200,
            "FlipUV": false,
            "Gravity": 9.800000190734863,
            "IsGravity": false,
            "KeyFrames": [
                {
                    "Color": [
                        1.0,
                        0.062745101749897,
                        0.0,
                        1.0
                    ],
                    "Intensity": 2.430000066757202,
                    "Interpolation": 0,
                    "Rotation": [
                        0.0,
                        0.0,
                        0.0,
                        0.0
                    ],
                    "Scale": [
                        1.0,
                        1.0,
                        1.0
                    ],
                    "TrackPosition": 0.0,
                    "Translation": [
                        0.0,
                        0.0,
                        0.0
                    ]
                }
            ],
            "LifeTime": 1924.9886474609375,
            "LifeTime_Particle": [
                0.15000000596046448,
                0.550000011920929
            ],
            "Local": true,
            "Loop": true,
            "MaxLifeTime": 1.7200000286102295,
            "MaxSpeed": 1000.0,
            "MinSpeed": 0.0,
            "Name": "Grinder_SparkParticle",
            "NumInstance": 40,
            "NumKeyFrames": 1,
            "Orbit": true,
            "OrbitAxis": [
                0.0,
                1.0,
                0.0
            ],
            "OrbitSpeed": [
                -180.0,
                180.0
            ],
            "PType": 0,
            "Pivot": [
                0.0,
                -0.009999999776482582,
                0.0
            ],
            "Range": [
                0.07999999821186066,
                0.07999999821186066,
                0.07999999821186066
            ],
            "RenderGroup": 8,
            "RotationAxis": [
                0.0,
                0.0,
                0.0
            ],
            "RotationSpeed": [
                0.0,
                0.0
            ],
            "ShaderPass": 3,
            "Size": [
                0.009999999776482582,
                0.029999999329447746
            ],
            "Speed": [
                5.0,
                7.0
            ],
            "Spin": false,
            "StartTrack": 0,
            "TextureTags": [
                "",
                "T_Shere_07_C_LGS",
                "",
                ""
            ],
            "TextureUsage": [
                false,
                true,
                false,
                false
            ],
            "Threshold": 0.0,
            "TickPerSecond": 60.0,
            "TileX": 1,
            "TileY": 1
        },
        {
            "Animation": false,
            "Billboard": true,
            "CenterColor": [
                1.0,
                0.586442232131958,
                0.2617800831794739,
                1.0
            ],
            "Color": [
                0.9989645481109619,
                0.6173117160797119,
                0.44250887632369995,
                0.21052390336990356
            ],
            "Duration": 30,
            "EffectType": 0,
            "EmissiveIntensity": 1.149999976158142,
            "EndTrack": 30,
            "FlipUV": false,
            "KeyFrames": [
                {
                    "Color": [
                        0.9738219976425171,
                        0.30591270327568054,
                        0.0,
                        1.0
                    ],
                    "Intensity": 3.0,
                    "Interpolation": 4,