{
    "EffectObject": [
        {
            "Accel": [
                -60.0,
                -40.0
            ],
            "Animation": true,
            "Billboard": false,
            "Center": [
                0.0,
                1.0,
                0.0
            ],
            "CenterColor": [
                1.0,
                0.4649543762207031,
                0.3141361474990845,
                1.0
            ],
            "Color": [
                1.0,
                0.18848168849945068,
                0.0,
                1.0
            ],
            "Duration": 102,
            "EffectType": 1,
            "EmissiveIntensity": 0.44999998807907104,
            "EndTrack": 102,
            "FlipUV": false,
            "Gravity": 9.800000190734863,
            "IsGravity": false,
            "KeyFrames": [
                {
                    "Color": [
                        1.0,
                        0.18848168849945068,
                        0.0,
                        1.0
                    ],
                    "Intensity": 2.4000000953674316,
                    "Interpolation": 0,
                    "Rotation": [
                        0.0,
                        0.0,
                        0.0,
                        0.0
                    ],
                    "Scale": [
                        1.0,
                        1.0,
                        1.0
                    ],
                    "TrackPosition": 0.0,
                    "Translation": [
                        0.0,
                        0.0,
                        0.0
                    ]
                }
            ],
            "LifeTime": 1306.280517578125,
            "LifeTime_Particle": [
                0.009999999776482582,
                0.15000000596046448
            ],
            "Local": true,
            "Loop": false,
            "MaxLifeTime": 4.0,
            "MaxSpeed": 1000.0,
            "MinSpeed": 0.0,
            "Name": "Hit_Spiral",
            "NumInstance": 79,
            "NumKeyFrames": 1,
            "Orbit": true,
            "OrbitAxis": [
                1.0,
                0.0,
                0.0
            ],
            "OrbitSpeed": [
                700.0,
                1000.0
            ],
            "PType": 0,
            "Pivot": [
                0.0,
                1.0,
                0.0
            ],
            "Range": [
                0.009999999776482582,
                0.10000000149011612,
                0.10000000149011612
            ],
            "RenderGroup": 8,
            "RotationAxis": [
                0.0,
                0.0,
                0.0
            ],
            "RotationSpeed": [
                0.0,
                0.0
            ],
            "ShaderPass": 3,
            "Size": [
                0.009999999776482582,
                0.019999999552965164
            ],
            "Speed": [
                5.0,
                7.0
            ],
            "Spin": false,
            "StartTrack": 0,
            "TextureTags": [
                "",
                "T_Shere_02_C_LGS",
                "",
                ""
            ],
            "TextureUsage": [
                false,
                true,
                false,
                false
            ],
            "Threshold": 0.0,
            "TickPerSecond": 60.0,
            "TileX": 1,
            "TileY": 1
        },
        {
            "Accel": [
                0.0,
                0.0
            ],
            "Animation": true,
            "Billboard": false,
            "Center": [
                0.0,
                1.0,
                0.0
            ],
            "CenterColor": [
                1.0,
                0.0,
                0.0,
                1.0
            ],
            "Color": [
                1.0,
                0.0,
                0.0,
                1.0
            ],
            "Duration": 102,
            "EffectType": 1,
            "EmissiveIntensity": 0.0,
            "EndTrack": 102,
            "FlipUV": false,
            "Gravity": 9.800000190734863,
            "IsGravity": false,
            "KeyFrames": [
                {
                    "Color": [
                        1.0,
                        0.0,
                        0.0,
                        1.0
                    ],
                    "Intensity": 1.0,
                    "Interpolation": 0,
                    "Rotation": [
                        0.0,
                        0.0,
                        0.0,
                        0.0
                    ],
                    "Scale": [
                        1.0,
                        1.0,
                        1.0
                    ],
                    "TrackPosition": 0.0,
                    "Translation": [
                        0.0,
                        0.0,
                        0.0
                    ]
                }
            ],
            "LifeTime": 839.94091796875,
            "LifeTime_Particle": [
                0.5,
                1.0
            ],
            "Local": true,
            "Loop": false,
            "MaxLifeTime": 0.15000000596046448,
            "MaxSpeed": 1000.0,
            "MinSpeed": 0.0,
            "Name": "Hit_BloodSplash_Drop",
            "NumInstance": 100,
            "NumKeyFrames": 1,
            "Orbit": false,
            "OrbitAxis": [
                0.0,
                0.0,
                0.0
            ],
            "OrbitSpeed": [
                0.0,
                0.0
            ],
            "PType": 0,
            "Pivot": [
                0.0,
                0.9900000095367432,
                0.0
            ],
            "Range": [
                0.009999999776482582,
                0.009999999776482582,
                0.009999999776482582
            ],
            "RenderGroup": 8,
            "RotationAxis": [
                0.0,
                0.0,
                0.0
            ],
            "RotationSpeed": [
                0.0,
                0.0
            ],
            "ShaderPass": 3,
            "Size": [
                0.019999999552965164,
                0.05000000074505806
            ],
            "Speed": [
                0.699999988079071,
                1.5
            ],
            "Spin": false,
            "StartTrack": 0,
            "TextureTags": [
                "",
                "T_Shere_02_C_LGS",
                "",
                ""
            ],
            "TextureUsage": [
                false,
                true,
                false,
                false
            ],
            "Threshold": 0.0,
            "TickPerSecond": 60.0,
            "TileX": 1,
            "TileY": 1
        }
    ],
    "Loop": false,
    "MaxFrame": 65
}