{
    "Pitch": -0.050082579255104065,
    "Yaw": -1.5667251348495483,
    "bEndBlend": false,
    "bStartBlend": false,
    "iEndFrame": 100,
    "vecTargetData": [
        {
            "curveType": 0,
            "curveY": [
                0.0,
                0.25,
                0.5,
                0.75,
                1.0
            ],
            "distance": 3.0,
            "interpFov": -858993460,
            "keyFrame": 0,
            "pitch": -0.050082579255104065,
            "targetType": 1,
            "yaw": -1.5667251348495483
        },
        {
            "curveType": 0,
            "curveY": [
                0.0,
                0.25,
                0.5,
                0.75,
                1.0
            ],
            "distance": 3.0,
            "interpFov": -858993460,
            "keyFrame": 99,
            "pitch": -0.050082579255104065,
            "targetType": 1,
            "yaw": -1.5667251348495483
        }
    ]
}