{
    "Pitch": -0.07600262761116028,
    "Yaw": -1.5580906867980957,
    "bEndBlend": false,
    "bStartBlend": false,
    "iEndFrame": 500,
    "vecMatrixPosData": [
        {
            "curveType": 0,
            "curveY": [
                0.0,
                0.25,
                0.5,
                0.75,
                1.0
            ],
            "interpMatrixPosition": 1,
            "keyFrame": 91,
            "worldMatrix": [
                1.0,
                0.0,
                0.0,
                0.0,
                0.0,
                1.0,
                0.0,
                0.0,
                0.0,
                0.0,
                1.0,
                0.0,
                0.0,
                0.0,
                0.0,
                1.0
            ]
        },
        {
            "curveType": 0,
            "curveY": [
                0.0,
                0.25,
                0.5,
                0.75,
                1.0
            ],
            "interpMatrixPosition": 1,
            "keyFrame": 120,
            "worldMatrix": [
                -0.7648417949676514,
                -1.391955379403953e-06,
                -0.6442181468009949,
                0.0,
                -0.2837848961353302,
                0.8977481126785278,
                0.3369189500808716,
                0.0,
                0.5783451795578003,
                0.4405090808868408,
                -0.6866356730461121,
                0.0,
                374.08056640625,
                15.997125625610352,
                -47.834049224853516,
                1.0
            ]
        },
        {
            "curveType": 0,
            "curveY": [
                0.0,
                0.25,
                0.5,
                0.75,
                1.0
            ],
            "interpMatrixPosition": 1,
            "keyFrame": 125,
            "worldMatrix": [
                -0.6427025198936462,
                1.169670895251329e-06,
                -0.7661158442497253,
                0.0,
                -0.33747822046279907,
                0.8977494835853577,
                0.28311535716056824,
                0.0,
                0.6877804398536682,
                0.44050636887550354,
                -0.5769854784011841,
                0.0,
                374.08642578125,
                15.997125625610352,
                -47.871707916259766,
                1.0
            ]
        },
        {
            "curveType": 0,
            "curveY": [
                0.0,
                0.25,
                0.5,
                0.75,
                1.0
            ],
            "interpMatrixPosition": 1,
            "keyFrame": 140,
            "worldMatrix": [
                -0.287211537361145,
                5.22703714977979e-07,
                -0.9576870799064636,
                0.0,
                -0.421923965215683,
                0.897710919380188,
                0.12653601169586182,
                0.0,
                0.8598551750183105,
                0.4404797852039337,
                -0.2578713893890381,
                0.0,
                372.2860107421875,
                15.996999740600586,
                -47.871707916259766,
                1.0
            ]
        },
        {
            "curveType": 0,
            "curveY": [
                0.0,
                0.25,
                0.5,
                0.75,
                1.0
            ],
            "interpMatrixPosition": 0,
            "keyFrame": 200,
            "worldMatrix": [
                -0.1683867871761322,
                3.06451454434864e-07,
                -0.9857209324836731,
                0.0,
                -0.43421807885169983,
                0.897748589515686,
                0.07417602837085724,
                0.0,
                0.8849296569824219,
                0.4405081570148468,
                -0.15116888284683228,
                0.0,
                373.7860107421875,
                15.996999740600586,
                -47.871707916259766,
                1.0
            ]
        }
    ],
    "vecPosData": [
        {
            "curveType": 0,
            "curveY": [
                0.0,
                0.25,
                0.5,
                0.75,
                1.0
            ],
            "interpPosition": 1,
            "keyFrame": 10,
            "position": [
                0.0,
                0.0,
                0.0
            ]
        },
        {
            "curveType": 0,
            "curveY": [
                0.0,
                0.25,
                0.5,
                0.75,
                1.0
            ],
            "interpPosition": 1,
            "keyFrame": 90,
            "position": [
                0.5,
                0.0,
                0.0
            ]
        },
        {
            "curveType": 0,
            "curveY": [
                0.0,
                0.25,
                0.5,
                0.75,
                1.0
            ],
            "interpPosition": 0,
            "keyFrame": 300,
            "position": [
                0.5,
                0.0,
                0.0
            ]
        }
    ],
    "vecRotData": [
        {
            "curveType": 0,
            "curveY": [
                0.0,
                0.25,
                0.5,
                0.75,
                1.0
            ],
            "interpRotation": 1,
            "keyFrame": 10,
            "rotation": [
                0.0,
                0.0,
                0.0
            ]
        },
        {
            "curveType": 0,
            "curveY": [
                0.0,
                0.25,
                0.5,
                0.75,
                1.0
            ],
            "interpRotation": 1,
            "keyFrame": 90,
            "rotation": [
                0.0,
                0.0,
                -20.0
            ]
        },
        {
            "curveType": 0,
            "curveY": [
                0.0,
                0.25,
                0.5,
                0.75,
                1.0
            ],
            "interpRotation": 0,
            "keyFrame": 300,
            "rotation": [
                0.0,
                0.0,
                -20.0
            ]
        }
    ],
    "vecTargetData": [
        {
            "curveType": 0,
            "curveY": [
                0.0,
                0.25,
                0.5,
                0.75,
                1.0
            ],
            "distance": 3.0,
            "interpFov": -858993460,
            "keyFrame": 0,
            "pitch": -0.07600262761116028,
            "targetType": 1,
            "yaw": -1.5580906867980957
        },
        {
            "curveType": 0,
            "curveY": [
                0.0,
                0.25,
                0.5,
                0.75,
                1.0
            ],
            "distance": 3.299999952316284,
            "interpFov": -858993460,
            "keyFrame": 10,
            "pitch": -0.07600262761116028,
            "targetType": 1,
            "yaw": -1.5580906867980957
        },
        {
            "curveType": 0,
            "curveY": [
                0.0,
                0.25,
                0.5,
                0.75,
                1.0
            ],
            "distance": 1.5,
            "interpFov": -858993460,
            "keyFrame": 90,
            "pitch": -0.456163614988327,
            "targetType": 1,
            "yaw": -0.699999988079071
        }
    ]
}