{
    "Pitch": 0.0,
    "Yaw": 0.0,
    "bEndBlend": false,
    "bStartBlend": false,
    "iEndFrame": 1000,
    "vecFovData": [
        {
            "curveType": 0,
            "curveY": [
                0.0,
                0.25,
                0.5,
                0.75,
                1.0
            ],
            "fFov": 21.0,
            "interpFov": 0,
            "keyFrame": 200
        },
        {
            "curveType": 0,
            "curveY": [
                0.0,
                0.25,
                0.5,
                0.75,
                1.0
            ],
            "fFov": 21.0,
            "interpFov": 1,
            "keyFrame": 500
        },
        {
            "curveType": 0,
            "curveY": [
                0.0,
                0.25,
                0.5,
                0.75,
                1.0
            ],
            "fFov": 60.0,
            "interpFov": 0,
            "keyFrame": 999
        }
    ],
    "vecMatrixPosData": [
        {
            "curveType": 0,
            "curveY": [
                0.0,
                0.25,
                0.5,
                0.75,
                1.0
            ],
            "interpMatrixPosition": 0,
            "keyFrame": 0,
            "worldMatrix": [
                0.7269735932350159,
                2.7124789525601045e-08,
                0.6866596937179565,
                0.0,
                0.2699972987174988,
                0.9194297194480896,
                -0.2858489453792572,
                0.0,
                -0.6313420534133911,
                0.39320507645606995,
                0.668408215045929,
                0.0,
                5.342519760131836,
                0.4056372046470642,
                -182.98829650878906,
                1.0
            ]
        },
        {
            "curveType": 0,
            "curveY": [
                0.0,
                0.25,
                0.5,
                0.75,
                1.0
            ],
            "interpMatrixPosition": 0,
            "keyFrame": 200,
            "worldMatrix": [
                0.15832677483558655,
                6.199784547789022e-05,
                -0.9872611165046692,
                0.0,
                0.45649558305740356,
                0.8865970969200134,
                0.0732637420296669,
                0.0,
                0.8754082918167114,
                -0.4623332619667053,
                0.14035992324352264,
                0.0,
                -1.871105670928955,
                3.1931798458099365,
                -150.5859375,
                1.0
            ]
        },
        {
            "curveType": 0,
            "curveY": [
                0.0,
                0.25,
                0.5,
                0.75,
                1.0
            ],
            "interpMatrixPosition": 1,
            "keyFrame": 500,
            "worldMatrix": [
                0.9999678730964661,
                1.8616127306358976e-08,
                0.008015302941203117,
                0.0,
                0.00011701819312293082,
                0.9998933672904968,
                -0.014601199887692928,
                0.0,
                -0.00801444798707962,
                0.014601669274270535,
                0.9998612403869629,
                0.0,
                -0.25115418434143066,
                2.3448832035064697,
                -156.4080047607422,
                1.0
            ]
        },
        {
            "curveType": 0,
            "curveY": [
                0.0,
                0.25,
                0.5,
                0.75,
                1.0
            ],
            "interpMatrixPosition": 0,
            "keyFrame": 999,
            "worldMatrix": [
                0.9999678730964661,
                1.8616127306358976e-08,
                0.008015308529138565,
                0.0,
                0.00011702949996106327,
                0.9998933672904968,
                -0.01460260059684515,
                0.0,
                -0.008014453575015068,
                0.014603069983422756,
                0.9998612403869629,
                0.0,
                -0.25115418434143066,
                2.3448832035064697,
                -176.9080047607422,
                1.0
            ]
        }
    ]
}