{
    "Pitch": 0.03343728184700012,
    "Yaw": 3.1411163806915283,
    "bEndBlend": false,
    "bStartBlend": false,
    "iEndFrame": 600,
    "vecMatrixPosData": [
        {
            "interpMatrixPosition": 1,
            "keyFrame": 281,
            "worldMatrix": [
                0.014999999664723873,
                -0.0026000000070780516,
                0.9998999834060669,
                0.0,
                0.29980000853538513,
                0.9539999961853027,
                -0.0020000000949949026,
                0.0,
                -0.9538999795913696,
                0.29980000853538513,
                0.01510000042617321,
                0.0,
                0.9092000126838684,
                1.6569000482559204,
                -235.9040985107422,
                1.0
            ]
        },
        {
            "interpMatrixPosition": 1,
            "keyFrame": 350,
            "worldMatrix": [
                0.7862622141838074,
                -0.0026019730139523745,
                0.6179047226905823,
                0.0,
                0.044985245913267136,
                0.9975639581680298,
                -0.053041454404592514,
                0.0,
                -0.6162656545639038,
                0.06950155645608902,
                0.7844691872596741,
                0.0,
                -0.32658958435058594,
                1.8992295265197754,
                -235.6272735595703,
                1.0
            ]
        },
        {
            "interpMatrixPosition": 1,
            "keyFrame": 440,
            "worldMatrix": [
                0.9988625645637512,
                -0.0026019259821623564,
                0.0477784126996994,
                0.0,
                0.000757336791139096,
                0.9992150664329529,
                0.0385824516415596,
                0.0,
                -0.04784207418560982,
                -0.0385030135512352,
                0.9980967044830322,
                0.0,
                -0.747715175151825,
                1.8958097696304321,
                -234.32298278808594,
                1.0
            ]
        },
        {
            "interpMatrixPosition": 0,
            "keyFrame": 550,
            "worldMatrix": [
                0.9998995661735535,
                7.275952063068303e-11,
                -0.015235092490911484,
                0.0,
                0.0003933860862161964,
                0.9996628165245056,
                0.025818459689617157,
                0.0,
                0.015229733660817146,
                -0.02582148276269436,
                0.9995478391647339,
                0.0,
                -0.45217061042785645,
                1.3929178714752197,
                -216.67820739746094,
                1.0
            ]
        }
    ],
    "vecPosData": [
        {
            "interpPosition": 1,
            "keyFrame": 0,
            "position": [
                0.0,
                0.0,
                0.0
            ]
        },
        {
            "interpPosition": 1,
            "keyFrame": 70,
            "position": [
                0.0,
                -0.30000001192092896,
                0.0
            ]
        },
        {
            "interpPosition": 0,
            "keyFrame": 280,
            "position": [
                0.5,
                -0.30000001192092896,
                0.0
            ]
        }
    ],
    "vecRotData": [
        {
            "interpRotation": 1,
            "keyFrame": 0,
            "rotation": [
                0.0,
                0.0,
                0.0
            ]
        },
        {
            "interpRotation": 1,
            "keyFrame": 70,
            "rotation": [
                0.0,
                0.0,
                -10.0
            ]
        },
        {
            "interpRotation": 0,
            "keyFrame": 280,
            "rotation": [
                0.0,
                0.0,
                -10.0
            ]
        }
    ],
    "vecTargetData": [
        {
            "distance": 3.0,
            "keyFrame": 0,
            "pitch": 0.01728011667728424,
            "targetType": 1,
            "yaw": -3.1247942447662354
        },
        {
            "distance": 2.0,
            "keyFrame": 70,
            "pitch": -0.1295998990535736,
            "targetType": 1,
            "yaw": 1.5859062671661377
        },
        {
            "distance": 2.0,
            "keyFrame": 280,
            "pitch": -0.12999999523162842,
            "targetType": 1,
            "yaw": 1.5859999656677246
        }
    ]
}