{
    "Pitch": 0.03343728184700012,
    "Yaw": 3.1411163806915283,
    "bEndBlend": false,
    "bStartBlend": false,
    "iEndFrame": 800,
    "vecMatrixPosData": [
        {
            "interpMatrixPosition": 1,
            "keyFrame": 271,
            "worldMatrix": [
                0.014700000174343586,
                -0.003800000064074993,
                0.9998999834060669,
                0.0,
                0.38179999589920044,
                0.9241999983787537,
                -0.0020000000949949026,
                0.0,
                -0.9240999817848206,
                0.38179999589920044,
                0.01510000042617321,
                0.0,
                0.8734999895095825,
                1.3565000295639038,
                -235.90570068359375,
                1.0
            ]
        },
        {
            "interpMatrixPosition": 1,
            "keyFrame": 300,
            "worldMatrix": [
                0.6725581288337708,
                -0.0003190265269950032,
                0.7400458455085754,
                0.0,
                0.23954078555107117,
                0.946198582649231,
                -0.21728821098804474,
                0.0,
                -0.7001757025718689,
                0.32341688871383667,
                0.6364632844924927,
                0.0,
                0.8734999895095825,
                1.3565000295639038,
                -236.50599670410156,
                1.0
            ]
        },
        {
            "interpMatrixPosition": 1,
            "keyFrame": 340,
            "worldMatrix": [
                0.6725581288337708,
                -0.0003190265269950032,
                0.7400458455085754,
                0.0,
                0.23954078555107117,
                0.946198582649231,
                -0.21728821098804474,
                0.0,
                -0.7001757025718689,
                0.32341688871383667,
                0.6364632844924927,
                0.0,
                0.8734999895095825,
                1.3565000295639038,
                -236.50599670410156,
                1.0
            ]
        },
        {
            "interpMatrixPosition": 1,
            "keyFrame": 500,
            "worldMatrix": [
                0.9724235534667969,
                -0.000361492158845067,
                0.23322419822216034,
                0.0,
                0.06173589453101158,
                0.964663028717041,
                -0.25591132044792175,
                0.0,
                -0.22489483654499054,
                0.2632578909397125,
                0.9381024837493896,
                0.0,
                -0.7269999980926514,
                1.3565000295639038,
                -236.1060028076172,
                1.0
            ]
        },
        {
            "interpMatrixPosition": 0,
            "keyFrame": 600,
            "worldMatrix": [
                0.9982525706291199,
                -0.00031901721376925707,
                -0.05905122682452202,
                0.0,
                -0.002061861800029874,
                0.999115526676178,
                -0.040253084152936935,
                0.0,
                0.05901327729225159,
                0.040305476635694504,
                0.9973933100700378,
                0.0,
                -0.5814403295516968,
                1.4771645069122314,
                -230.97654724121094,
                1.0
            ]
        }
    ],
    "vecPosData": [
        {
            "interpPosition": 1,
            "keyFrame": 0,
            "position": [
                0.0,
                0.0,
                0.0
            ]
        },
        {
            "interpPosition": 1,
            "keyFrame": 70,
            "position": [
                0.0,
                -0.550000011920929,
                0.0
            ]
        },
        {
            "interpPosition": 0,
            "keyFrame": 270,
            "position": [
                0.5,
                -0.6000000238418579,
                0.0
            ]
        }
    ],
    "vecRotData": [
        {
            "interpRotation": 1,
            "keyFrame": 0,
            "rotation": [
                0.0,
                0.0,
                0.0
            ]
        },
        {
            "interpRotation": 1,
            "keyFrame": 70,
            "rotation": [
                0.0,
                0.0,
                -10.0
            ]
        },
        {
            "interpRotation": 0,
            "keyFrame": 270,
            "rotation": [
                0.0,
                0.0,
                -15.0
            ]
        }
    ],
    "vecTargetData": [
        {
            "distance": 3.0,
            "keyFrame": 0,
            "pitch": 0.01728011667728424,
            "targetType": 1,
            "yaw": -3.1247942447662354
        },
        {
            "distance": 2.0,
            "keyFrame": 70,
            "pitch": -0.1295998990535736,
            "targetType": 1,
            "yaw": 1.5859062671661377
        },
        {
            "distance": 2.0,
            "keyFrame": 270,
            "pitch": -0.12999999523162842,
            "targetType": 1,
            "yaw": 1.5859999656677246
        }
    ]
}