{
    "iEndFrame": 160,
    "vecPosData": [
        {
            "interpPosition": 1,
            "keyFrame": 0,
            "worldMatrix": [
                -0.9999017119407654,
                -1.8197470126324333e-06,
                0.009515290148556232,
                0.0,
                0.0001403335336362943,
                0.9998884201049805,
                0.014937987551093102,
                0.0,
                -0.009514609351754189,
                0.014938411302864552,
                -0.9998273253440857,
                0.0,
                48.688236236572266,
                1.3483225107192993,
                2.522834539413452,
                1.0
            ]
        },
        {
            "interpPosition": 1,
            "keyFrame": 42,
            "worldMatrix": [
                -0.9998273253440857,
                -1.8196116116087069e-06,
                0.00951458141207695,
                0.0,
                0.00014033351908437908,
                0.9998884201049805,
                0.014937987551093102,
                0.0,
                -0.009514608420431614,
                0.014938411302864552,
                -0.9998273253440857,
                0.0,
                48.5,
                1.3483225107192993,
                2.522834539413452,
                1.0
            ]
        },
        {
            "interpPosition": 0,
            "keyFrame": 100,
            "worldMatrix": [
                -0.9998311996459961,
                -1.8196186601926456e-06,
                0.00951461773365736,
                0.0,
                0.00014033351908437908,
                0.9998884201049805,
                0.014937987551093102,
                0.0,
                -0.009514608420431614,
                0.014938411302864552,
                -0.9998273253440857,
                0.0,
                47.5880012512207,
                1.3483225107192993,
                2.522834539413452,
                1.0
            ]
        },
        {
            "interpPosition": 1,
            "keyFrame": 135,
            "worldMatrix": [
                -0.9998273253440857,
                -1.8196116116087069e-06,
                0.00951458141207695,
                0.0,
                0.00014033351908437908,
                0.9998884201049805,
                0.014937987551093102,
                0.0,
                -0.009514608420431614,
                0.014938411302864552,
                -0.9998273253440857,
                0.0,
                47.5880012512207,
                1.3483225107192993,
                2.522834539413452,
                1.0
            ]
        }
    ],
    "vecRotData": [
        {
            "interpRotation": 1,
            "keyFrame": 100,
            "rotation": [
                1.0,
                0.0,
                0.0
            ]
        },
        {
            "interpRotation": 1,
            "keyFrame": 105,
            "rotation": [
                -1.0,
                0.0,
                0.0
            ]
        },
        {
            "interpRotation": 1,
            "keyFrame": 110,
            "rotation": [
                1.0,
                0.0,
                0.0
            ]
        },
        {
            "interpRotation": 1,
            "keyFrame": 115,
            "rotation": [
                -0.5,
                0.0,
                0.0
            ]
        },
        {
            "interpRotation": 1,
            "keyFrame": 120,
            "rotation": [
                0.5,
                0.0,
                0.0
            ]
        },
        {
            "interpRotation": 1,
            "keyFrame": 125,
            "rotation": [
                -0.30000001192092896,
                0.0,
                0.0
            ]
        },
        {
            "interpRotation": 1,
            "keyFrame": 130,
            "rotation": [
                0.30000001192092896,
                0.0,
                0.0
            ]
        },
        {
            "interpRotation": 0,
            "keyFrame": 135,
            "rotation": [
                0.0,
                0.0,
                0.0
            ]
        }
    ]
}