{
  "Pitch": 0.35597944259643555,
  "Yaw": -1.5784976482391357,
  "bEndBlend": false,
  "bStartBlend": false,
  "iEndFrame": 200,
  "vecPosData": [
    {
      "interpPosition": 1,
      "keyFrame": 0,
      "worldMatrix": [
        -0.9995958209037781,
        -1.8191902881881106e-06,
        0.028428075835108757,
        0.0,
        -1.8716627891990356e-06,
        1.0,
        -1.8191902881881106e-06,
        0.0,
        -0.028428075835108757,
        -1.8716627891990356e-06,
        -0.9995958209037781,
        0.0,
        49.213226318359375,
        1.4499998092651367,
        2.5176138877868652,
        1.0
      ]
    },
    {
      "interpPosition": 1,
      "keyFrame": 39,
      "worldMatrix": [
        -0.9995958209037781,
        -1.8191902881881106e-06,
        0.028428075835108757,
        0.0,
        -1.8716627891990356e-06,
        1.0,
        -1.8191902881881106e-06,
        0.0,
        -0.028428075835108757,
        -1.8716627891990356e-06,
        -0.9995958209037781,
        0.0,
        48.8129997253418,
        1.4499998092651367,
        2.5176138877868652,
        1.0
      ]
    },
    {
      "interpPosition": 0,
      "keyFrame": 117,
      "worldMatrix": [
        -0.9995958209037781,
        -1.8191902881881106e-06,
        0.028428075835108757,
        0.0,
        -1.8716627891990356e-06,
        1.0,
        -1.8191902881881106e-06,
        0.0,
        -0.028428075835108757,
        -1.8716627891990356e-06,
        -0.9995958209037781,
        0.0,
        47.7130012512207,
        1.4499998092651367,
        2.5176138877868652,
        1.0
      ]
    }
  ]
}