{
    "Pitch": -0.11921233683824539,
    "Yaw": -0.017291277647018433,
    "bEndBlend": false,
    "bStartBlend": true,
    "iEndFrame": 200,
    "vecPosData": [
        {
            "interpPosition": 1,
            "keyFrame": 0,
            "worldMatrix": [
                -0.9995958209037781,
                -1.8191902881881106e-06,
                0.028428075835108757,
                0.0,
                -1.8716627891990356e-06,
                1.0,
                -1.8191902881881106e-06,
                0.0,
                -0.028428075835108757,
                -1.8716627891990356e-06,
                -0.9995958209037781,
                0.0,
                49.213226318359375,
                1.4499998092651367,
                2.5176138877868652,
                1.0
            ]
        },
        {
            "interpPosition": 1,
            "keyFrame": 39,
            "worldMatrix": [
                -0.9995958209037781,
                -1.8191902881881106e-06,
                0.028428075835108757,
                0.0,
                -1.8716627891990356e-06,
                1.0,
                -1.8191902881881106e-06,
                0.0,
                -0.028428075835108757,
                -1.8716627891990356e-06,
                -0.9995958209037781,
                0.0,
                48.8129997253418,
                1.4499998092651367,
                2.5176138877868652,
                1.0
            ]
        },
        {
            "interpPosition": 0,
            "keyFrame": 117,
            "worldMatrix": [
                -0.9995958209037781,
                -1.8191902881881106e-06,
                0.028428075835108757,
                0.0,
                -1.8716627891990356e-06,
                1.0,
                -1.8191902881881106e-06,
                0.0,
                -0.028428075835108757,
                -1.8716627891990356e-06,
                -0.9995958209037781,
                0.0,
                47.7130012512207,
                1.4499998092651367,
                2.5176138877868652,
                1.0
            ]
        },
        {
            "interpPosition": 0,
            "keyFrame": 199,
            "worldMatrix": [
                -0.9996121525764465,
                -1.819219960452756e-06,
                -0.01755637675523758,
                0.0,
                -0.002003718400374055,
                0.9933938384056091,
                0.11398328840732574,
                0.0,
                0.017444605007767677,
                0.11400310695171356,
                -0.993259847164154,
                0.0,
                48.9665412902832,
                1.6080131530761719,
                1.6475051641464233,
                1.0
            ]
        }
    ]
}