{
    "bEndBlend": false,
    "bStartBlend": true,
    "iEndFrame": 200,
    "vecPosData": [
        {
            "interpPosition": 1,
            "keyFrame": 20,
            "worldMatrix": [
                -0.0075423759408295155,
                1.3726564773719474e-08,
                -0.9999715685844421,
                0.0,
                0.8317991495132446,
                0.5550412535667419,
                -0.0062739127315580845,
                0.0,
                0.5550254583358765,
                -0.8318228125572205,
                -0.004186341073364019,
                0.0,
                -3.656125068664551,
                5.5763139724731445,
                0.5512781739234924,
                1.0
            ]
        },
        {
            "interpPosition": 0,
            "keyFrame": 199,
            "worldMatrix": [
                -0.007541786413639784,
                1.3725491854188476e-08,
                -0.9998934268951416,
                0.0,
                0.20435336232185364,
                0.9788858890533447,
                -0.0015413402579724789,
                0.0,
                0.9788636565208435,
                -0.20436036586761475,
                -0.007383170537650585,
                0.0,
                -3.656125068664551,
                1.8760000467300415,
                0.5512781739234924,
                1.0
            ]
        }
    ]
}