{
    "Pitch": 0.15771953761577606,
    "Yaw": -1.5615748167037964,
    "bEndBlend": false,
    "bStartBlend": true,
    "iEndFrame": 200,
    "vecPosData": [
        {
            "interpPosition": 1,
            "keyFrame": 20,
            "worldMatrix": [
                -0.0075423759408295155,
                1.3726564773719474e-08,
                -0.9999715685844421,
                0.0,
                0.8317991495132446,
                0.5550412535667419,
                -0.0062739127315580845,
                0.0,
                0.5550254583358765,
                -0.8318228125572205,
                -0.004186341073364019,
                0.0,
                -3.656125068664551,
                5.5763139724731445,
                0.5512781739234924,
                1.0
            ]
        },
        {
            "interpPosition": 0,
            "keyFrame": 199,
            "worldMatrix": [
                -0.009251241572201252,
                -1.6836573024647805e-08,
                -0.9999122619628906,
                0.0,
                0.156879723072052,
                0.98761385679245,
                -0.0014514761278405786,
                0.0,
                0.9875719547271729,
                -0.1568865031003952,
                -0.009137066081166267,
                0.0,
                -2.962719440460205,
                2.148663282394409,
                1.0274112224578857,
                1.0
            ]
        }
    ]
}