{
    "bEndBlend": false,
    "bStartBlend": true,
    "iEndFrame": 200,
    "vecPosData": [
        {
            "interpPosition": 1,
            "keyFrame": 20,
            "worldMatrix": [
                -0.0075423759408295155,
                1.3726564773719474e-08,
                -0.9999715685844421,
                0.0,
                0.8317991495132446,
                0.5550412535667419,
                -0.0062739127315580845,
                0.0,
                0.5550254583358765,
                -0.8318228125572205,
                -0.004186341073364019,
                0.0,
                -3.656125068664551,
                5.5763139724731445,
                0.5512781739234924,
                1.0
            ]
        },
        {
            "interpPosition": 0,
            "keyFrame": 199,
            "worldMatrix": [
                9.099629210140847e-07,
                0.0,
                -1.0,
                0.0,
                0.0,
                1.0,
                0.0,
                0.0,
                1.0,
                0.0,
                9.099629210140847e-07,
                0.0,
                -4.0,
                1.4779999256134033,
                0.9999997615814209,
                1.0
            ]
        }
    ]
}