{
    "Pitch": 0.232652485370636,
    "Yaw": -1.5615748167037964,
    "bEndBlend": false,
    "bStartBlend": true,
    "iEndFrame": 200,
    "vecPosData": [
        {
            "interpPosition": 1,
            "keyFrame": 20,
            "worldMatrix": [
                -0.009221765212714672,
                -1.6782928824454757e-08,
                -0.999934732913971,
                0.0,
                0.5403484106063843,
                0.8414251208305359,
                -0.004983305931091309,
                0.0,
                0.8413887023925781,
                -0.5403708815574646,
                -0.007759586907923222,
                0.0,
                -3.069298505783081,
                3.2690000534057617,
                1.026921272277832,
                1.0
            ]
        },
        {
            "interpPosition": 0,
            "keyFrame": 199,
            "worldMatrix": [
                -0.009218910709023476,
                -1.677773298069951e-08,
                -0.9996251463890076,
                0.0,
                0.23054736852645874,
                0.9730576276779175,
                -0.002126209205016494,
                0.0,
                0.973016619682312,
                -0.23055727779865265,
                -0.00897351372987032,
                0.0,
                -3.0690510272979736,
                2.4696781635284424,
                1.0269187688827515,
                1.0
            ]
        }
    ]
}