{
    "Pitch": 0.232652485370636,
    "Yaw": -1.5615748167037964,
    "bEndBlend": false,
    "bStartBlend": true,
    "iEndFrame": 200,
    "vecPosData": [
        {
            "interpPosition": 1,
            "keyFrame": 20,
            "worldMatrix": [
                -0.0075423759408295155,
                1.3726564773719474e-08,
                -0.9999715685844421,
                0.0,
                0.8317990303039551,
                0.5550411343574524,
                -0.00627391180023551,
                0.0,
                0.5550254583358765,
                -0.8318228125572205,
                -0.004186341073364019,
                0.0,
                -2.9560000896453857,
                4.375999927520752,
                0.5512781739234924,
                1.0
            ]
        },
        {
            "interpPosition": 0,
            "keyFrame": 199,
            "worldMatrix": [
                -0.009221929125487804,
                -1.6783229028760616e-08,
                -0.999952495098114,
                0.0,
                0.23016831278800964,
                0.9731473922729492,
                -0.0021227130200713873,
                0.0,
                0.9731037020683289,
                -0.23017753660678864,
                -0.008974315598607063,
                0.0,
                -3.069298505783081,
                2.3685355186462402,
                1.026921272277832,
                1.0
            ]
        }
    ]
}