{
    "Pitch": 0.35597944259643555,
    "Yaw": -1.5784976482391357,
    "bEndBlend": false,
    "bStartBlend": true,
    "iEndFrame": 200,
    "vecPosData": [
        {
            "interpPosition": 1,
            "keyFrame": 20,
            "worldMatrix": [
                -0.0075423759408295155,
                1.3726564773719474e-08,
                -0.9999715685844421,
                0.0,
                0.8317991495132446,
                0.5550412535667419,
                -0.0062739127315580845,
                0.0,
                0.5550254583358765,
                -0.8318228125572205,
                -0.004186341073364019,
                0.0,
                -3.656125068664551,
                5.5763139724731445,
                0.5512781739234924,
                1.0
            ]
        },
        {
            "interpPosition": 0,
            "keyFrame": 199,
            "worldMatrix": [
                0.007945242337882519,
                0.0,
                -0.9998273253440857,
                0.0,
                0.3484044075012207,
                0.9373224377632141,
                0.002768635516986251,
                0.0,
                0.9372972846031189,
                -0.3484170734882355,
                0.007448340300470591,
                0.0,
                -3.749220609664917,
                2.871680498123169,
                0.9702081084251404,
                1.0
            ]
        }
    ]
}