{
    "Pitch": 0.232652485370636,
    "Yaw": -1.5615748167037964,
    "bEndBlend": false,
    "bStartBlend": true,
    "iEndFrame": 200,
    "vecPosData": [
        {
            "interpPosition": 1,
            "keyFrame": 20,
            "worldMatrix": [
                -0.009221765212714672,
                -1.6782928824454757e-08,
                -0.999934732913971,
                0.0,
                0.5403484106063843,
                0.8414251208305359,
                -0.004983305931091309,
                0.0,
                0.8413887023925781,
                -0.5403708815574646,
                -0.007759586907923222,
                0.0,
                -3.069298505783081,
                3.2690000534057617,
                1.026921272277832,
                1.0
            ]
        },
        {
            "interpPosition": 0,
            "keyFrame": 199,
            "worldMatrix": [
                -0.009221908636391163,
                -1.678318994891015e-08,
                -0.9999502301216125,
                0.0,
                0.23054690659046173,
                0.973057746887207,
                -0.0021262047812342644,
                0.0,
                0.9730162620544434,
                -0.2305566966533661,
                -0.008973510004580021,
                0.0,
                -3.5700411796569824,
                2.469785213470459,
                1.0269187688827515,
                1.0
            ]
        }
    ]
}