{
    "Pitch": 0.2326519936323166,
    "Yaw": -1.5615750551223755,
    "bEndBlend": false,
    "bStartBlend": true,
    "iEndFrame": 210,
    "vecMatrixPosData": [
        {
            "curveType": 0,
            "curveY": [
                1.0,
                0.6859999895095825,
                0.45899999141693115,
                0.18299999833106995,
                0.0
            ],
            "interpMatrixPosition": 1,
            "keyFrame": 0,
            "worldMatrix": [
                -0.00922195054590702,
                -1.6783266332254243e-08,
                -0.9999547600746155,
                0.0,
                0.5754357576370239,
                0.8178288340568542,
                -0.005306893493980169,
                0.0,
                0.817794144153595,
                -0.5754601955413818,
                -0.007541988044977188,
                0.0,
                -3.569945812225342,
                3.062000036239624,
                1.0269181728363037,
                1.0
            ]
        },
        {
            "curveType": 0,
            "curveY": [
                0.0,
                0.25,
                0.5,
                0.75,
                1.0
            ],
            "interpMatrixPosition": 0,
            "keyFrame": 132,
            "worldMatrix": [
                -0.009200000204145908,
                0.0,
                -0.9998999834060669,
                0.0,
                0.2304999977350235,
                0.9731000065803528,
                -0.002099999925121665,
                0.0,
                0.9729999899864197,
                -0.2305999994277954,
                -0.008999999612569809,
                0.0,
                -3.619999885559082,
                2.4502999782562256,
                0.9868999719619751,
                1.0
            ]
        }
    ]
}