{
    "Pitch": 0.2326519936323166,
    "Yaw": -1.5615750551223755,
    "bEndBlend": false,
    "bStartBlend": true,
    "iEndFrame": 210,
    "vecMatrixPosData": [
        {
            "interpMatrixPosition": 1,
            "keyFrame": 0,
            "worldMatrix": [
                -0.00922195054590702,
                -1.6783266332254243e-08,
                -0.9999547600746155,
                0.0,
                0.5754357576370239,
                0.8178288340568542,
                -0.005306893493980169,
                0.0,
                0.817794144153595,
                -0.5754601955413818,
                -0.007541988044977188,
                0.0,
                -3.569945812225342,
                3.062000036239624,
                1.0269181728363037,
                1.0
            ]
        },
        {
            "interpMatrixPosition": 0,
            "keyFrame": 132,
            "worldMatrix": [
                -0.0092,
                0.0,
                -0.9999,
                0.0,
                0.2305,
                0.9731,
                -0.0021,
                0.0,
                0.9730,
                -0.2306,
                -0.0090,
                0.0,
                -3.6191,
                2.4618,
                0.9869,
                1.0
            ]
        }
    ]
}