{
    "Pitch": 0.2326519936323166,
    "Yaw": -1.5615750551223755,
    "bEndBlend": false,
    "bStartBlend": true,
    "iEndFrame": 200,
    "vecMatrixPosData": [
        {
            "interpMatrixPosition": 1,
            "keyFrame": 0,
            "worldMatrix": [
                -0.00922195054590702,
                -1.6783266332254243e-08,
                -0.9999547600746155,
                0.0,
                0.5754357576370239,
                0.8178288340568542,
                -0.005306893493980169,
                0.0,
                0.817794144153595,
                -0.5754601955413818,
                -0.007541988044977188,
                0.0,
                -3.569945812225342,
                3.062000036239624,
                1.0269181728363037,
                1.0
            ]
        },
        {
            "interpMatrixPosition": 0,
            "keyFrame": 132,
            "worldMatrix": [
                -0.009221975691616535,
                -1.6783312517532067e-08,
                -0.9999575018882751,
                0.0,
                0.23054713010787964,
                0.9730586409568787,
                -0.0021262066438794136,
                0.0,
                0.9730170965194702,
                -0.2305568903684616,
                -0.008973518386483192,
                0.0,
                -3.569945812225342,
                2.461778163909912,
                1.0269181728363037,
                1.0
            ]
        }
    ]
}