{
    "EffectObject": [
        {
            "Animation": true,
            "Billboard": true,
            "CenterColor": [
                1.0,
                0.5629780292510986,
                0.21989530324935913,
                1.0
            ],
            "Color": [
                1.0,
                0.09424084424972534,
                0.0,
                1.0
            ],
            "Duration": 60,
            "EffectType": 0,
            "EmissiveIntensity": 0.44999998807907104,
            "EndTrack": 60,
            "FlipUV": false,
            "KeyFrames": [
                {
                    "Color": [
                        1.0,
                        0.09424084424972534,
                        0.0,
                        1.0
                    ],
                    "Intensity": 3.5,
                    "Interpolation": 0,
                    "Rotation": [
                        0.00017228729848284274,
                        0.0,
                        -0.0,
                        1.0
                    ],
                    "Scale": [
                        1.0,
                        0.9999995827674866,
                        0.9999995827674866
                    ],
                    "TrackPosition": 0.0,
                    "Translation": [
                        0.0,
                        0.0,
                        0.0
                    ]
                }
            ],
            "LifeTime": 2635.804931640625,
            "Loop": true,
            "Name": "Fuoco_Spin3_LastFlame_Sprite1",
            "NumKeyFrames": 1,
            "RenderGroup": 8,
            "ShaderPass": 5,
            "StartTrack": 0,
            "TextureTags": [
                "",
                "T_SubUV_Fire_07_9x9_SC_KMH",
                "",
                ""
            ],
            "TextureUsage": [
                false,
                true,
                false,
                false
            ],
            "Threshold": 0.0,
            "TickPerSecond": 60.0,
            "TileTickPerSec": 60.0,
            "TileX": 9,
            "TileY": 9
        },
        {
            "Accel": [
                -5.0,
                -5.0
            ],
            "Animation": false,
            "Billboard": false,
            "Center": [
                0.0,
                0.0,
                0.0
            ],
            "CenterColor": [
                1.0,
                0.3390531539916992,
                0.07853400707244873,
                1.0
            ],
            "Color": [
                1.0,
                0.0,
                0.0,
                1.0
            ],
            "Duration": 60,
            "EffectType": 1,
            "EmissiveIntensity": 0.3499999940395355,
            "EndTrack": 60,
            "FlipUV": false,
            "Gravity": 1.0,
            "IsGravity": true,
            "KeyFrames": [
                {
                    "Color": [
                        1.0,
                        0.0,
                        0.0,
                        1.0
                    ],
                    "Intensity": 1.2699999809265137,
                    "Interpolation": 0,
                    "Rotation": [
                        -0.0,
                        0.0,
                        -0.0,
                        1.0
                    ],
                    "Scale": [
                        1.0,
                        1.0,
                        1.0
                    ],
                    "TrackPosition": 0.0,
                    "Translation": [
                        0.0,
                        0.0,
                        0.0
                    ]
                }
            ],
            "LifeTime": 1623.552734375,
            "LifeTime_Particle": [
                0.30000001192092896,
                1.100000023841858
            ],
            "Local": true,
            "Loop": true,
            "MaxLifeTime": 4.0,
            "MaxSpeed": 1000.0,
            "MinSpeed": 0.0,
            "Name": "Fuoco_Spin3_LastFlame_Particle1",
            "NumInstance": 5,
            "NumKeyFrames": 1,
            "Orbit": true,
            "OrbitAxis": [
                0.0,
                1.0,
                0.0
            ],
            "OrbitSpeed": [
                -10.0,
                10.0
            ],
            "PType": 1,
            "Pivot": [
                0.0,
                -0.14000000059604645,
                0.0
            ],
            "Range": [
                0.10000000149011612,
                0.10000000149011612,
                0.10000000149011612
            ],
            "RenderGroup": 8,
            "RotationAxis": [
                0.0,
                0.0,
                0.0
            ],
            "RotationSpeed": [
                0.0,
                0.0
            ],
            "ShaderPass": 2,
            "Size": [
                2.0,
                3.0
            ],
            "Speed": [
                5.0,
                6.0
            ],
            "Spin": false,
            "StartTrack": 0,
            "TextureTags": [
                "",
                "T_SubUV_Fire_06_8x8_SC_KMH",
                "",
                ""
            ],
            "TextureUsage": [
                false,
                true,
                false,
                false
            ],
            "Threshold": 0.0,
            "TickPerSecond": 60.0,
            "TileTickPerSec": 60.0,
            "TileX": 8,
            "TileY": 8,
            "isTileLoop": true
        }
    ],
    "Loop": false,
    "MaxFrame": 59
}