{
    "Animation": true,
    "Billboard": false,
    "CenterColor": [
        1.0,
        1.0,
        1.0,
        1.0
    ],
    "Color": [
        0.6701570749282837,
        0.817718505859375,
        1.0,
        0.3507853150367737
    ],
    "Duration": 200,
    "EndTrack": 200,
    "FlipUV": true,
    "KeyFrames": [
        {
            "Color": [
                0.6701570749282837,
                0.817718505859375,
                1.0,
                0.3507853150367737
            ],
            "Intensity": 0.18000000715255737,
            "Interpolation": 3,
            "Rotation": [
                0.0,
                0.8566098213195801,
                0.0,
                -0.5159647464752197
            ],
            "Scale": [
                0.6399999856948853,
                1.4789999723434448,
                0.6399999856948853
            ],
            "TrackPosition": 0.0,
            "Translation": [
                0.0,
                0.0,
                0.0
            ]
        },
        {
            "Color": [
                0.10588235408067703,
                0.5058823823928833,
                1.0,
                1.0
            ],
            "Intensity": 0.7799999713897705,
            "Interpolation": 4,
            "Rotation": [
                -0.0,
                0.20357371866703033,
                -0.0,
                0.9790595769882202
            ],
            "Scale": [
                0.1599999964237213,
                1.2910000085830688,
                -0.14000000059604645
            ],
            "TrackPosition": 146.0,
            "Translation": [
                0.0,
                0.0,
                0.0
            ]
        },
        {
            "Color": [
                0.10588235408067703,
                0.5058823823928833,
                1.0,
                0.0
            ],
            "Intensity": 0.27000001072883606,
            "Interpolation": 0,
            "Rotation": [
                4.228411754070294e-08,
                -0.00017287580703850836,
                0.00024317319912370294,
                0.9999999403953552
            ],
            "Scale": [
                0.010000474750995636,
                1.409999966621399,
                0.01000001560896635
            ],
            "TrackPosition": 200.0,
            "Translation": [
                0.0,
                0.0,
                0.0
            ]
        }
    ],
    "LifeTime": 0.0,
    "Loop": true,
    "ModelTag": "SM_Helix_04_LGS",
    "NumKeyFrames": 3,
    "RenderGroup": 6,
    "ShaderPass": 1,
    "StartTrack": 0,
    "TextureTags": [
        "",
        "T_Aura_01_C_GDH",
        "",
        ""
    ],
    "TextureUsage": [
        false,
        true,
        false,
        false
    ],
    "Threshold": 0.8999999761581421,
    "TickPerSecond": 60.0,
    "TileX": 1,
    "TileY": 1
}