{
    "Accel": [
        -30.0,
        -28.0
    ],
    "Animation": true,
    "Billboard": false,
    "Center": [
        0.0,
        0.0,
        0.0
    ],
    "CenterColor": [
        1.0,
        1.0,
        1.0,
        1.0
    ],
    "Color": [
        1.0,
        1.0,
        1.0,
        1.0
    ],
    "DistortionStrength": 10.0,
    "Duration": 75,
    "EffectType": 1,
    "EmissiveIntensity": 0.0,
    "EndTrack": 119,
    "FlipUV": false,
    "Gravity": 9.800000190734863,
    "IsGravity": true,
    "KeyFrames": [
        {
            "Color": [
                1.0,
                1.0,
                1.0,
                1.0
            ],
            "Intensity": -0.5699999928474426,
            "Interpolation": 0,
            "Rotation": [
                0.0,
                0.0,
                0.0,
                0.0
            ],
            "Scale": [
                1.0,
                1.0,
                1.0
            ],
            "TrackPosition": 0.0,
            "Translation": [
                0.0,
                0.0,
                0.0
            ]
        }
    ],
    "LifeTime": 1235.9488525390625,
    "LifeTime_Particle": [
        0.1599999964237213,
        1.0
    ],
    "Local": true,
    "Loop": false,
    "MaxLifeTime": 4.0,
    "MaxSpeed": 1000.0,
    "MinSpeed": 5.0,
    "Name": "player_hit_blood_+Z_Particle1",
    "NumInstance": 120,
    "NumKeyFrames": 1,
    "Orbit": false,
    "OrbitAxis": [
        0.0,
        0.0,
        0.0
    ],
    "OrbitSpeed": [
        0.0,
        0.0
    ],
    "PType": 0,
    "Pivot": [
        0.0,
        0.0,
        -0.5
    ],
    "Range": [
        0.20000000298023224,
        0.20000000298023224,
        0.20000000298023224
    ],
    "RenderGroup": 8,
    "RotationAxis": [
        0.0,
        0.0,
        0.0
    ],
    "RotationSpeed": [
        0.0,
        0.0
    ],
    "ShaderPass": 3,
    "Size": [
        0.019999999552965164,
        0.029999999329447746
    ],
    "Speed": [
        8.449999809265137,
        11.899999618530273
    ],
    "Spin": false,
    "StartTrack": 44,
    "TextureTags": [
        "",
        "T_Shere_03_C_HJS",
        "",
        ""
    ],
    "TextureUsage": [
        false,
        true,
        false,
        false
    ],
    "Threshold": 0.0,
    "TickPerSecond": 60.0,
    "TileTickPerSec": 60.0,
    "TileX": 1,
    "TileY": 1,
    "isTileLoop": false
}