{
    "Accel": [
        0.0,
        0.0
    ],
    "Animation": true,
    "Billboard": false,
    "Center": [
        0.0,
        0.0,
        0.0
    ],
    "CenterColor": [
        0.3019607961177826,
        0.6823529601097107,
        1.0,
        1.0
    ],
    "Color": [
        1.0,
        1.0,
        1.0,
        1.0
    ],
    "DistortionStrength": 10.0,
    "Duration": 200,
    "EffectType": 1,
    "EmissiveIntensity": 0.3499999940395355,
    "EndTrack": 200,
    "FlipUV": false,
    "Gravity": 0.25,
    "IsGravity": true,
    "KeyFrames": [
        {
            "Color": [
                1.0,
                1.0,
                1.0,
                1.0
            ],
            "Intensity": 1.0,
            "Interpolation": 0,
            "Rotation": [
                0.0,
                0.0,
                0.0,
                0.0
            ],
            "Scale": [
                1.0,
                1.0,
                1.0
            ],
            "TrackPosition": 0.0,
            "Translation": [
                0.0,
                0.0,
                0.0
            ]
        }
    ],
    "LifeTime": 4044.171875,
    "LifeTime_Particle": [
        0.30000001192092896,
        1.0
    ],
    "Local": true,
    "Loop": true,
    "MaxLifeTime": 4.0,
    "MaxSpeed": 1000.0,
    "MinSpeed": 0.0,
    "Name": "ergostype_Particle",
    "NumInstance": 100,
    "NumKeyFrames": 1,
    "Orbit": true,
    "OrbitAxis": [
        0.5,
        0.0,
        0.5
    ],
    "OrbitSpeed": [
        -135.0,
        135.0
    ],
    "PType": 0,
    "Pivot": [
        0.0,
        0.0,
        0.0
    ],
    "Range": [
        0.009999999776482582,
        0.009999999776482582,
        0.009999999776482582
    ],
    "RenderGroup": 8,
    "RotationAxis": [
        0.0,
        0.0,
        0.0
    ],
    "RotationSpeed": [
        0.0,
        0.0
    ],
    "ShaderPass": 3,
    "Size": [
        0.004999999888241291,
        0.014999999664723873
    ],
    "Speed": [
        0.05000000074505806,
        0.10000000149011612
    ],
    "Spin": false,
    "StartTrack": 0,
    "StretchFactor": 0.014999999664723873,
    "TextureTags": [
        "T_Shere_05_C_HJS",
        "T_Shere_04_C_HJS",
        "",
        ""
    ],
    "TextureUsage": [
        false,
        true,
        false,
        false
    ],
    "Threshold": 0.0,
    "TickPerSecond": 60.0,
    "TileTickPerSec": 60.0,
    "TileX": 1,
    "TileY": 1,
    "isTileLoop": false
}