{
    "Animation": true,
    "Billboard": false,
    "Center": [
        0.0,
        -0.9900000095367432,
        0.0
    ],
    "CenterColor": [
        1.0,
        0.8256626725196838,
        0.37172776460647583,
        1.0
    ],
    "Color": [
        1.0,
        0.40837693214416504,
        0.0,
        1.0
    ],
    "Duration": 199,
    "EffectType": 1,
    "EmissiveIntensity": 1.0,
    "EndTrack": 199,
    "FlipUV": false,
    "KeyFrames": [
        {
            "Color": [
                1.0,
                0.40837693214416504,
                0.0,
                1.0
            ],
            "Intensity": 1.840000033378601,
            "Interpolation": 0,
            "Rotation": [
                0.0,
                0.0,
                0.0,
                0.0
            ],
            "Scale": [
                1.0,
                1.0,
                1.0
            ],
            "TrackPosition": 0.0,
            "Translation": [
                0.0,
                0.0,
                0.0
            ]
        }
    ],
    "LifeTime": 0.0,
    "LifeTime_Particle": [
        1.0,
        2.0
    ],
    "Local": true,
    "Loop": false,
    "MaxLifeTime": 0.5,
    "Name": "floor_orbital_particletest",
    "NumInstance": 1500,
    "NumKeyFrames": 1,
    "PType": 0,
    "Pivot": [
        0.0,
        -1.0,
        0.0
    ],
    "Range": [
        0.05000000074505806,
        0.0,
        0.05000000074505806
    ],
    "RenderGroup": 8,
    "ShaderPass": 2,
    "Size": [
        0.10999999940395355,
        0.23000000417232513
    ],
    "Speed": [
        1.0,
        2.0
    ],
    "StartTrack": 0,
    "TextureTags": [
        "",
        "T_LensFlare_06_C_HJS",
        "",
        ""
    ],
    "TextureUsage": [
        true,
        true,
        false,
        false
    ],
    "Threshold": 0.0,
    "TickPerSecond": 60.0,
    "TileX": 1,
    "TileY": 1
}