{
    "Accel": [
        -2.0,
        0.0
    ],
    "Animation": true,
    "Billboard": false,
    "Center": [
        0.0,
        0.0,
        0.0
    ],
    "CenterColor": [
        0.3141361474990845,
        0.29290154576301575,
        0.28453168272972107,
        0.3507853150367737
    ],
    "Color": [
        0.6335078477859497,
        0.6199454069137573,
        0.5970231294631958,
        0.3507853150367737
    ],
    "DistortionStrength": 10.0,
    "Duration": 124,
    "EffectType": 1,
    "EmissiveIntensity": 0.0,
    "EndTrack": 124,
    "FlipUV": false,
    "Gravity": 9.800000190734863,
    "IsGravity": false,
    "KeyFrames": [
        {
            "Color": [
                0.6335078477859497,
                0.6199454069137573,
                0.5970231294631958,
                0.3507853150367737
            ],
            "Intensity": 1.0,
            "Interpolation": 0,
            "Rotation": [
                0.0,
                0.0,
                0.0,
                0.0
            ],
            "Scale": [
                1.0,
                1.0,
                1.0
            ],
            "TrackPosition": 0.0,
            "Translation": [
                0.0,
                0.0,
                0.0
            ]
        }
    ],
    "LifeTime": 2241.944091796875,
    "LifeTime_Particle": [
        1.5,
        1.7999999523162842
    ],
    "Local": true,
    "Loop": false,
    "MaxLifeTime": 0.800000011920929,
    "MaxSpeed": 1000.0,
    "MinSpeed": 0.0,
    "Name": "Fes_DefaultSlam_Smoke1",
    "NumInstance": 16,
    "NumKeyFrames": 1,
    "Orbit": false,
    "OrbitAxis": [
        0.0,
        1.0,
        0.0
    ],
    "OrbitSpeed": [
        -30.0,
        30.0
    ],
    "PType": 0,
    "Pivot": [
        0.0,
        -1.0,
        0.0
    ],
    "Range": [
        4.0,
        4.0,
        4.0
    ],
    "RenderGroup": 8,
    "RotationAxis": [
        0.0,
        0.0,
        0.0
    ],
    "RotationSpeed": [
        0.0,
        0.0
    ],
    "ShaderPass": 2,
    "ShrinkThreshold": 0.009999999776482582,
    "Size": [
        2.0,
        3.5
    ],
    "Speed": [
        1.5399999618530273,
        2.0
    ],
    "Spin": false,
    "StartTrack": 0,
    "StretchFactor": 0.014999999664723873,
    "TextureTags": [
        "",
        "T_Smoke_04_C_LGS",
        "",
        ""
    ],
    "TextureUsage": [
        false,
        true,
        false,
        false
    ],
    "Threshold": 0.0,
    "TickPerSecond": 60.0,
    "TileTickPerSec": 60.0,
    "TileX": 1,
    "TileY": 1,
    "isTileLoop": false
}