{
    "Accel": [
        -30.0,
        -20.0
    ],
    "Animation": true,
    "Billboard": false,
    "Center": [
        0.0,
        0.0,
        0.0
    ],
    "CenterColor": [
        1.0,
        0.25073331594467163,
        0.17277485132217407,
        1.0
    ],
    "CircleNormal": [
        0.0,
        1.0,
        0.0
    ],
    "Color": [
        1.0,
        0.0,
        0.0,
        1.0
    ],
    "DistortionStrength": 10.0,
    "Duration": 10,
    "EffectType": 1,
    "EmissiveIntensity": 2.0,
    "EndTrack": 163,
    "FlipUV": false,
    "Gravity": 9.800000190734863,
    "IsCircleRange": false,
    "IsGravity": true,
    "KeyFrames": [
        {
            "Color": [
                1.0,
                0.0,
                0.0,
                1.0
            ],
            "Intensity": 2.450000047683716,
            "Interpolation": 0,
            "Rotation": [
                0.0,
                0.0,
                0.0,
                0.0
            ],
            "Scale": [
                1.0,
                1.0,
                1.0
            ],
            "TrackPosition": 0.0,
            "Translation": [
                0.0,
                0.0,
                0.0
            ]
        }
    ],
    "LifeTime": 2572.93408203125,
    "LifeTime_Particle": [
        0.09000000357627869,
        0.4000000059604645
    ],
    "Local": true,
    "Loop": false,
    "LoopInSet": false,
    "LoopInSet_Delay": 0.0,
    "MaxLifeTime": 0.10000000149011612,
    "MaxSpeed": 1000.0,
    "MinSpeed": 2.0,
    "Name": "testfuococutsceneSparkParticle",
    "NumInstance": 8,
    "NumKeyFrames": 1,
    "Orbit": false,
    "OrbitAxis": [
        0.0,
        0.0,
        0.0
    ],
    "OrbitSpeed": [
        0.0,
        0.0
    ],
    "PType": 0,
    "Pivot": [
        0.0,
        0.0,
        0.0
    ],
    "Range": [
        0.009999999776482582,
        0.009999999776482582,
        0.009999999776482582
    ],
    "RenderGroup": 8,
    "RotationAxis": [
        0.0,
        0.0,
        0.0
    ],
    "RotationSpeed": [
        0.0,
        0.0
    ],
    "ShaderPass": 3,
    "ShrinkThreshold": 0.009999999776482582,
    "Size": [
        0.009999999776482582,
        0.019999999552965164
    ],
    "Speed": [
        3.0,
        4.0
    ],
    "Spin": false,
    "StartTrack": 153,
    "StretchFactor": 0.014999999664723873,
    "TextureTags": [
        "",
        "T_Shere_02_C_LGS",
        "",
        ""
    ],
    "TextureUsage": [
        false,
        true,
        false,
        false
    ],
    "Threshold": 0.0,
    "TickPerSecond": 60.0,
    "TileTickPerSec": 60.0,
    "TileX": 1,
    "TileY": 1,
    "isTileLoop": false
}