{
    "Accel": [
        -20.0,
        -17.0
    ],
    "Animation": true,
    "Billboard": false,
    "Center": [
        0.0,
        0.0,
        0.0
    ],
    "CenterColor": [
        0.2565445303916931,
        0.614648699760437,
        1.0,
        1.0
    ],
    "CircleNormal": [
        0.0,
        1.0,
        0.0
    ],
    "Color": [
        0.4973822236061096,
        0.7855498194694519,
        1.0,
        1.0
    ],
    "DistortionStrength": 10.0,
    "Duration": 22,
    "EffectType": 1,
    "EmissiveIntensity": 6.449999809265137,
    "EndTrack": 22,
    "FlipUV": false,
    "Gravity": 3.0,
    "IsCircleRange": false,
    "IsGravity": true,
    "KeyFrames": [
        {
            "Color": [
                0.4973822236061096,
                0.7855498194694519,
                1.0,
                1.0
            ],
            "Intensity": 5.380000114440918,
            "Interpolation": 0,
            "Rotation": [
                0.0,
                0.0,
                0.0,
                0.0
            ],
            "Scale": [
                1.0,
                1.0,
                1.0
            ],
            "TrackPosition": 0.0,
            "Translation": [
                0.0,
                0.0,
                0.0
            ]
        }
    ],
    "LifeTime": 7305.859375,
    "LifeTime_Particle": [
        0.009999999776482582,
        0.5400000214576721
    ],
    "Local": true,
    "Loop": false,
    "LoopInSet": false,
    "LoopInSet_Delay": 0.06000000238418579,
    "MaxLifeTime": 0.10000000149011612,
    "MaxSpeed": 1000.0,
    "MinSpeed": 2.0,
    "Name": "Shortcut_Locked_Sparkp1",
    "NumInstance": 30,
    "NumKeyFrames": 1,
    "Orbit": true,
    "OrbitAxis": [
        0.7071067690849304,
        0.0,
        0.7071067690849304
    ],
    "OrbitSpeed": [
        0.0,
        0.0
    ],
    "PType": 0,
    "Pivot": [
        0.0,
        0.0,
        0.0
    ],
    "Range": [
        0.019999999552965164,
        0.019999999552965164,
        0.019999999552965164
    ],
    "RenderGroup": 8,
    "RotationAxis": [
        0.0,
        0.0,
        0.0
    ],
    "RotationSpeed": [
        0.0,
        0.0
    ],
    "ShaderPass": 3,
    "ShrinkThreshold": 0.009999999776482582,
    "Size": [
        0.004999999888241291,
        0.014999999664723873
    ],
    "Speed": [
        5.0,
        7.0
    ],
    "Spin": false,
    "StartTrack": 0,
    "StretchFactor": 0.017999999225139618,
    "TextureTags": [
        "",
        "T_Shere_02_C_LGS",
        "",
        ""
    ],
    "TextureUsage": [
        false,
        true,
        false,
        false
    ],
    "Threshold": 0.0,
    "TickPerSecond": 60.0,
    "TileTickPerSec": 60.0,
    "TileX": 1,
    "TileY": 1,
    "isTileLoop": false
}