{
    "Accel": [
        -100.0,
        -80.0
    ],
    "Animation": true,
    "Billboard": false,
    "Center": [
        0.0,
        0.0,
        0.0
    ],
    "CenterColor": [
        1.0,
        1.0,
        1.0,
        1.0
    ],
    "Color": [
        1.0,
        1.0,
        1.0,
        1.0
    ],
    "DistortionStrength": 10.0,
    "Duration": 64,
    "EffectType": 1,
    "EmissiveIntensity": 0.0,
    "EndTrack": 64,
    "FlipUV": false,
    "Gravity": 9.800000190734863,
    "IsGravity": true,
    "KeyFrames": [
        {
            "Color": [
                1.0,
                1.0,
                1.0,
                1.0
            ],
            "Intensity": -1.649999976158142,
            "Interpolation": 0,
            "Rotation": [
                0.0,
                0.0,
                0.0,
                0.0
            ],
            "Scale": [
                1.0,
                1.0,
                1.0
            ],
            "TrackPosition": 0.0,
            "Translation": [
                0.0,
                0.0,
                0.0
            ]
        }
    ],
    "LifeTime": 1389.0216064453125,
    "LifeTime_Particle": [
        0.07999999821186066,
        1.1200000047683716
    ],
    "Local": true,
    "Loop": false,
    "MaxLifeTime": 2.0,
    "MaxSpeed": 1000.0,
    "MinSpeed": 3.0,
    "Name": "player_hit_blood2",
    "NumInstance": 7,
    "NumKeyFrames": 1,
    "Orbit": false,
    "OrbitAxis": [
        0.0,
        0.0,
        0.0
    ],
    "OrbitSpeed": [
        0.0,
        0.0
    ],
    "PType": 0,
    "Pivot": [
        0.0,
        0.0,
        0.0
    ],
    "Range": [
        0.019999999552965164,
        0.019999999552965164,
        0.019999999552965164
    ],
    "RenderGroup": 9,
    "RotationAxis": [
        0.0,
        0.0,
        0.0
    ],
    "RotationSpeed": [
        -1.399999976158142,
        1.399999976158142
    ],
    "ShaderPass": 7,
    "Size": [
        0.44999998807907104,
        0.5899999737739563
    ],
    "Speed": [
        5.300000190734863,
        9.5600004196167
    ],
    "Spin": false,
    "StartTrack": 0,
    "TextureTags": [
        "",
        "T_BloodDrop_03_C_LGS",
        "T_Tile_Noise_01_C_LGS",
        ""
    ],
    "TextureUsage": [
        false,
        true,
        true,
        false
    ],
    "Threshold": 0.0,
    "TickPerSecond": 60.0,
    "TileTickPerSec": 60.0,
    "TileX": 1,
    "TileY": 1,
    "isTileLoop": false
}