{
    "Accel": [
        0.0,
        0.0
    ],
    "Animation": true,
    "Billboard": false,
    "Center": [
        0.0,
        0.0,
        0.0
    ],
    "CenterColor": [
        0.282722532749176,
        0.44795936346054077,
        1.0,
        1.0
    ],
    "CircleNormal": [
        0.0,
        1.0,
        0.0
    ],
    "Color": [
        0.14659643173217773,
        0.0,
        1.0,
        1.0
    ],
    "DistortionStrength": 10.0,
    "Duration": 53,
    "EffectType": 1,
    "EmissiveIntensity": 10.0,
    "EndTrack": 53,
    "FlipUV": false,
    "Gravity": 9.800000190734863,
    "IsCircleRange": false,
    "IsGravity": false,
    "KeyFrames": [
        {
            "Color": [
                0.14659643173217773,
                0.0,
                1.0,
                1.0
            ],
            "Intensity": 10.609999656677246,
            "Interpolation": 0,
            "Rotation": [
                0.0,
                0.0,
                0.0,
                0.0
            ],
            "Scale": [
                1.0,
                1.0,
                1.0
            ],
            "TrackPosition": 0.0,
            "Translation": [
                0.0,
                0.0,
                0.0
            ]
        }
    ],
    "LifeTime": 5536.5068359375,
    "LifeTime_Particle": [
        0.10000000149011612,
        0.4000000059604645
    ],
    "Local": true,
    "Loop": true,
    "LoopInSet": true,
    "LoopInSet_Delay": 0.4000000059604645,
    "MaxLifeTime": 4.0,
    "MaxSpeed": 1000.0,
    "MinSpeed": 0.0,
    "Name": "Lightning3Frame",
    "NumInstance": 2,
    "NumKeyFrames": 1,
    "Orbit": false,
    "OrbitAxis": [
        0.0,
        0.0,
        0.0
    ],
    "OrbitSpeed": [
        0.0,
        0.0
    ],
    "PType": 0,
    "Pivot": [
        0.0,
        0.0,
        0.0
    ],
    "Range": [
        0.30000001192092896,
        0.30000001192092896,
        0.30000001192092896
    ],
    "RenderGroup": 8,
    "RotationAxis": [
        0.0,
        0.0,
        0.0
    ],
    "RotationSpeed": [
        0.0,
        0.0
    ],
    "ShaderPass": 7,
    "ShrinkThreshold": 0.009999999776482582,
    "Size": [
        0.4000000059604645,
        0.699999988079071
    ],
    "Speed": [
        0.0,
        0.0
    ],
    "Spin": false,
    "StartTrack": 0,
    "StretchFactor": 0.014999999664723873,
    "TextureTags": [
        "",
        "T_SubUV_Thunder_01_4x4_SC_HJS",
        "T_Waterfall_Foam_01_SC_RSW",
        ""
    ],
    "TextureUsage": [
        false,
        true,
        true,
        false
    ],
    "Threshold": 0.0,
    "TickPerSecond": 60.0,
    "TileTickPerSec": 24.0,
    "TileX": 4,
    "TileY": 4,
    "isTileLoop": false
}