{
    "Accel": [
        -1.7999999523162842,
        -1.7999999523162842
    ],
    "Animation": true,
    "Billboard": false,
    "Center": [
        0.0,
        0.0,
        0.0
    ],
    "CenterColor": [
        0.0,
        0.0,
        0.0,
        0.0
    ],
    "CircleNormal": [
        0.0,
        1.0,
        0.0
    ],
    "Color": [
        0.0,
        0.173350527882576,
        0.5340313911437988,
        1.0
    ],
    "DistortionStrength": 10.0,
    "Duration": 153,
    "EffectType": 1,
    "EmissiveIntensity": 10.0,
    "EndTrack": 153,
    "FlipUV": false,
    "Gravity": 0.25,
    "IsCircleRange": false,
    "IsGravity": false,
    "KeyFrames": [
        {
            "Color": [
                0.0,
                0.173350527882576,
                0.5340313911437988,
                1.0
            ],
            "Intensity": 2.8299999237060547,
            "Interpolation": 0,
            "Rotation": [
                0.0,
                0.0,
                0.0,
                0.0
            ],
            "Scale": [
                1.0,
                1.0,
                1.0
            ],
            "TrackPosition": 0.0,
            "Translation": [
                0.0,
                0.0,
                0.0
            ]
        }
    ],
    "LifeTime": 10178.919921875,
    "LifeTime_Particle": [
        2.0,
        3.0
    ],
    "Local": true,
    "Loop": false,
    "LoopInSet": false,
    "LoopInSet_Delay": 0.19921875,
    "MaxLifeTime": 4.0,
    "MaxSpeed": 3.0,
    "MinSpeed": 0.6000000238418579,
    "Name": "Revive",
    "NumInstance": 150,
    "NumKeyFrames": 1,
    "Orbit": true,
    "OrbitAxis": [
        0.0,
        1.0,
        0.0
    ],
    "OrbitSpeed": [
        -10.0,
        10.0
    ],
    "PType": 3,
    "Pivot": [
        0.0,
        -3.0,
        0.0
    ],
    "Range": [
        3.0,
        2.0,
        3.0
    ],
    "RenderGroup": 8,
    "RotationAxis": [
        0.0,
        0.0,
        0.0
    ],
    "RotationSpeed": [
        0.0,
        0.0
    ],
    "ShaderPass": 3,
    "ShrinkThreshold": 1.0,
    "Size": [
        0.10000000149011612,
        0.12999999523162842
    ],
    "Speed": [
        1.5,
        1.5
    ],
    "Spin": false,
    "StartTrack": 0,
    "StretchFactor": 0.014999999664723873,
    "TextureTags": [
        "",
        "T_Shere_05_C_HJS",
        "",
        ""
    ],
    "TextureUsage": [
        false,
        true,
        false,
        false
    ],
    "Threshold": 0.0,
    "TickPerSecond": 60.0,
    "TileTickPerSec": 60.0,
    "TileX": 1,
    "TileY": 1,
    "isTileLoop": false
}