{
    "Accel": [
        -100.0,
        -50.0
    ],
    "Animation": true,
    "Billboard": false,
    "Center": [
        0.0,
        0.0,
        0.0
    ],
    "CenterColor": [
        1.0,
        0.25073331594467163,
        0.17277485132217407,
        1.0
    ],
    "Color": [
        1.0,
        0.0,
        0.0,
        1.0
    ],
    "DistortionStrength": 10.0,
    "Duration": 120,
    "EffectType": 1,
    "EmissiveIntensity": 2.0,
    "EndTrack": 120,
    "FlipUV": false,
    "Gravity": 9.800000190734863,
    "IsGravity": true,
    "KeyFrames": [
        {
            "Color": [
                1.0,
                0.0,
                0.0,
                1.0
            ],
            "Intensity": 2.450000047683716,
            "Interpolation": 0,
            "Rotation": [
                0.0,
                0.0,
                0.0,
                0.0
            ],
            "Scale": [
                1.0,
                1.0,
                1.0
            ],
            "TrackPosition": 0.0,
            "Translation": [
                0.0,
                0.0,
                0.0
            ]
        }
    ],
    "LifeTime": 2360.635498046875,
    "LifeTime_Particle": [
        0.09000000357627869,
        0.5
    ],
    "Local": true,
    "Loop": false,
    "MaxLifeTime": 0.10000000149011612,
    "MaxSpeed": 1000.0,
    "MinSpeed": 3.0,
    "Name": "Player_FatalCombo3_SparkParticle1",
    "NumInstance": 50,
    "NumKeyFrames": 1,
    "Orbit": false,
    "OrbitAxis": [
        0.7071067690849304,
        0.0,
        0.7071067690849304
    ],
    "OrbitSpeed": [
        -180.0,
        180.0
    ],
    "PType": 0,
    "Pivot": [
        0.0,
        0.0,
        0.0
    ],
    "Range": [
        0.029999999329447746,
        0.029999999329447746,
        0.029999999329447746
    ],
    "RenderGroup": 8,
    "RotationAxis": [
        0.0,
        0.0,
        0.0
    ],
    "RotationSpeed": [
        0.0,
        0.0
    ],
    "ShaderPass": 3,
    "Size": [
        0.03999999910593033,
        0.07999999821186066
    ],
    "Speed": [
        30.0,
        40.0
    ],
    "Spin": false,
    "StartTrack": 0,
    "TextureTags": [
        "",
        "T_Shere_02_C_LGS",
        "",
        ""
    ],
    "TextureUsage": [
        false,
        true,
        false,
        false
    ],
    "Threshold": 0.0,
    "TickPerSecond": 60.0,
    "TileTickPerSec": 60.0,
    "TileX": 1,
    "TileY": 1,
    "isTileLoop": false
}