{
    "Animation": true,
    "Billboard": true,
    "CenterColor": [
        1.0,
        0.21989530324935913,
        0.0,
        1.0
    ],
    "Color": [
        1.0,
        1.0,
        1.0,
        0.0
    ],
    "DistortionStrength": 10.0,
    "Duration": 10,
    "EffectType": 0,
    "EmissiveIntensity": 1.7000000476837158,
    "EndTrack": 163,
    "FlipUV": false,
    "KeyFrames": [
        {
            "Color": [
                1.0,
                0.09424090385437012,
                0.0,
                1.0
            ],
            "Intensity": 3.0299999713897705,
            "Interpolation": 2,
            "Rotation": [
                0.0,
                0.0,
                0.0,
                0.0
            ],
            "Scale": [
                0.20000000298023224,
                0.20000000298023224,
                0.20000000298023224
            ],
            "TrackPosition": 0.0,
            "Translation": [
                0.0,
                0.0,
                0.0
            ]
        },
        {
            "Color": [
                1.0,
                1.0,
                1.0,
                0.0
            ],
            "Intensity": 1.0,
            "Interpolation": 0,
            "Rotation": [
                0.0,
                0.0,
                0.0,
                0.0
            ],
            "Scale": [
                1.0,
                1.0,
                1.0
            ],
            "TrackPosition": 6.0,
            "Translation": [
                0.0,
                0.0,
                0.0
            ]
        }
    ],
    "LifeTime": 101.98233795166016,
    "Loop": true,
    "Name": "Sprite",
    "NumKeyFrames": 2,
    "RenderGroup": 8,
    "ShaderPass": 5,
    "StartTrack": 153,
    "TextureTags": [
        "",
        "T_Flare_04_C_LGS",
        "",
        ""
    ],
    "TextureUsage": [
        false,
        true,
        false,
        false
    ],
    "Threshold": 0.0,
    "TickPerSecond": 60.0,
    "TileTickPerSec": 60.0,
    "TileX": 1,
    "TileY": 1
}