{
    "Animation": false,
    "Billboard": true,
    "CenterColor": [
        1.0,
        0.16230368614196777,
        0.16230368614196777,
        1.0
    ],
    "Color": [
        1.0,
        0.15706807374954224,
        0.0,
        1.0
    ],
    "DistortionStrength": 10.0,
    "Duration": 61,
    "EffectType": 0,
    "EmissiveIntensity": 6.050000190734863,
    "EndTrack": 61,
    "FlipUV": false,
    "KeyFrames": [
        {
            "Color": [
                1.0,
                0.15706807374954224,
                0.0,
                1.0
            ],
            "Intensity": 5.909999847412109,
            "Interpolation": 0,
            "Rotation": [
                0.0,
                0.0,
                0.0,
                0.0
            ],
            "Scale": [
                6.0,
                0.30000001192092896,
                3.0
            ],
            "TrackPosition": 0.0,
            "Translation": [
                0.0,
                0.0,
                0.0
            ]
        },
        {
            "Color": [
                1.0,
                0.1568627506494522,
                0.0,
                0.0
            ],
            "Intensity": 1.0,
            "Interpolation": 0,
            "Rotation": [
                0.0,
                0.0,
                0.0,
                0.0
            ],
            "Scale": [
                6.0,
                0.0,
                0.0
            ],
            "TrackPosition": 6.0,
            "Translation": [
                0.0,
                0.0,
                0.0
            ]
        }
    ],
    "LifeTime": 865.5873413085938,
    "Loop": true,
    "Name": "Hit_BasicSlashSprite1",
    "NumKeyFrames": 2,
    "RenderGroup": 8,
    "ShaderPass": 5,
    "StartTrack": 0,
    "TextureTags": [
        "",
        "T_MeshTrail_01_C_GDH",
        "",
        ""
    ],
    "TextureUsage": [
        false,
        true,
        false,
        false
    ],
    "Threshold": 0.0,
    "TickPerSecond": 60.0,
    "TileTickPerSec": 60.0,
    "TileX": 1,
    "TileY": 1
}