{
    "Animation": false,
    "Billboard": false,
    "CenterColor": [
        0.42359036207199097,
        0.47757017612457275,
        0.5287958383560181,
        0.0
    ],
    "Color": [
        0.7434555292129517,
        0.8509089946746826,
        1.0,
        0.46596860885620117
    ],
    "DistortionStrength": 10.0,
    "Duration": 20,
    "EffectType": 3,
    "EmissiveIntensity": 0.0,
    "EndTrack": 20,
    "FlipUV": false,
    "KeyFrames": [
        {
            "Color": [
                0.7434555292129517,
                0.8509089946746826,
                1.0,
                0.46596860885620117
            ],
            "Intensity": 1.0,
            "Interpolation": 0,
            "Rotation": [
                0.0,
                0.0,
                0.0,
                0.0
            ],
            "Scale": [
                1.0,
                1.0,
                1.0
            ],
            "TrackPosition": 0.0,
            "Translation": [
                0.0,
                0.0,
                0.0
            ]
        }
    ],
    "LifeDuration": 0.44999998807907104,
    "LifeTime": 0.0,
    "Loop": true,
    "Name": "Player_WeaponTrail",
    "NodeInterval": 0.016599999740719795,
    "NumKeyFrames": 1,
    "RenderGroup": 8,
    "ShaderPass": 0,
    "StartTrack": 0,
    "Subdivisions": 12,
    "TextureTags": [
        "T_Mask_05_C_LGS",
        "trail_tex",
        "T_Slash_01_C_RSW",
        ""
    ],
    "TextureUsage": [
        true,
        true,
        true,
        false
    ],
    "Threshold": 0.0,
    "TickPerSecond": 100.0,
    "TileTickPerSec": 60.0,
    "TileX": 1,
    "TileY": 1
}