{
    "Animation": false,
    "Billboard": false,
    "CenterColor": [
        0.16753923892974854,
        0.30700916051864624,
        1.0,
        1.0
    ],
    "Color": [
        0.0,
        0.387434720993042,
        1.0,
        0.9476439952850342
    ],
    "DistortionStrength": 0.0,
    "Duration": 20,
    "EffectType": 3,
    "EmissiveIntensity": 1.850000023841858,
    "EndTrack": 20,
    "FlipUV": true,
    "KeyFrames": [
        {
            "Color": [
                0.0,
                0.387434720993042,
                1.0,
                0.9476439952850342
            ],
            "Intensity": 2.859999895095825,
            "Interpolation": 0,
            "Rotation": [
                0.0,
                0.0,
                0.0,
                0.0
            ],
            "Scale": [
                1.0,
                1.0,
                1.0
            ],
            "TrackPosition": 0.0,
            "Translation": [
                0.0,
                0.0,
                0.0
            ]
        }
    ],
    "LifeDuration": 0.44999998807907104,
    "LifeTime": 0.0,
    "Loop": true,
    "Name": "EC_YW_ErgoTrail",
    "NodeInterval": 0.016599999740719795,
    "NumKeyFrames": 1,
    "RenderGroup": 8,
    "ShaderPass": 3,
    "StartTrack": 0,
    "Subdivisions": 12,
    "TextureTags": [
        "T_Sphere_Cutout_Alpha_01_C_HJS",
        "T_Trail_01_C_GDH",
        "T_Tile_Noise_42_C_KMH",
        "T_Tile_Noise_48_C_HJS"
    ],
    "TextureUsage": [
        true,
        true,
        true,
        true
    ],
    "Threshold": 0.0,
    "TickPerSecond": 100.0,
    "TileTickPerSec": 60.0,
    "TileX": 1,
    "TileY": 1
}