{
    "Buttler_Basic": [
        {
            "WorldMatrix": [
                [
                    0.13756366074085236,
                    0.0,
                    0.9904930591583252,
                    0.0
                ],
                [
                    0.0,
                    1.0,
                    0.0,
                    0.0
                ],
                [
                    -0.9904930591583252,
                    0.0,
                    0.13756366074085236,
                    0.0
                ],
                [
                    125.15538024902344,
                    13.420255661010742,
                    -66.7435531616211,
                    1.0000001192092896
                ]
            ]
        },
        {
            "WorldMatrix": [
                [
                    1.0,
                    0.0,
                    0.0,
                    0.0
                ],
                [
                    0.0,
                    1.0,
                    0.0,
                    0.0
                ],
                [
                    0.0,
                    0.0,
                    1.0,
                    0.0
                ],
                [
                    173.4175567626953,
                    8.2777681350708,
                    -48.75239944458008,
                    1.0
                ]
            ]
        },
        {
            "WorldMatrix": [
                [
                    -0.23204874992370605,
                    0.0,
                    -0.9727043509483337,
                    0.0
                ],
                [
                    0.0,
                    1.0,
                    0.0,
                    0.0
                ],
                [
                    0.9727043509483337,
                    0.0,
                    -0.23204874992370605,
                    0.0
                ],
                [
                    147.88902282714844,
                    13.488801002502441,
                    -28.25667953491211,
                    0.9999998807907104
                ]
            ]
        }
    ],
    "Buttler_Train": [
        {
            "WorldMatrix": [
                [
                    0.7411829829216003,
                    0.0,
                    0.6713031530380249,
                    0.0
                ],
                [
                    0.0,
                    1.0,
                    0.0,
                    0.0
                ],
                [
                    -0.6713031530380249,
                    0.0,
                    0.7411829829216003,
                    0.0
                ],
                [
                    150.8177032470703,
                    2.6683526039123535,
                    -22.923301696777344,
                    0.9999997615814209
                ]
            ]
        },
        {
            "WorldMatrix": [
                [
                    -0.9352016448974609,
                    0.0,
                    0.35411718487739563,
                    0.0
                ],
                [
                    0.0,
                    1.0,
                    0.0,
                    0.0
                ],
                [
                    -0.35411718487739563,
                    0.0,
                    -0.9352016448974609,
                    0.0
                ],
                [
                    147.34584045410156,
                    2.666177272796631,
                    8.177077293395996,
                    1.0
                ]
            ]
        },
        {
            "WorldMatrix": [
                [
                    0.04163845628499985,
                    0.0,
                    0.9991327524185181,
                    0.0
                ],
                [
                    0.0,
                    1.0,
                    0.0,
                    0.0
                ],
                [
                    -0.9991327524185181,
                    0.0,
                    0.04163845628499985,
                    0.0
                ],
                [
                    149.82994079589844,
                    2.6690590381622314,
                    -8.31688404083252,
                    1.0000001192092896
                ]
            ]
        },
        {
            "WorldMatrix": [
                [
                    0.11767858266830444,
                    0.0,
                    -0.9930517673492432,
                    0.0
                ],
                [
                    0.0,
                    1.0,
                    0.0,
                    0.0
                ],
                [
                    0.9930517673492432,
                    0.0,
                    0.11767858266830444,
                    0.0
                ],
                [
                    167.73202514648438,
                    4.961770057678223,
                    -48.33060073852539,
                    1.0
                ]
            ]
        },
        {
            "WorldMatrix": [
                [
                    -0.6635667085647583,
                    0.0,
                    0.7481170892715454,
                    0.0
                ],
                [
                    0.0,
                    1.0,
                    0.0,
                    0.0
                ],
                [
                    -0.7481170892715454,
                    0.0,
                    -0.6635667085647583,
                    0.0
                ],
                [
                    164.57518005371094,
                    4.944929599761963,
                    -53.467220306396484,
                    0.9999998807907104
                ]
            ]
        },
        {
            "WorldMatrix": [
                [
                    0.9012674689292908,
                    0.0,
                    -0.4332634210586548,
                    0.0
                ],
                [
                    0.0,
                    1.0,
                    0.0,
                    0.0
                ],
                [
                    0.4332634210586548,
                    0.0,
                    0.9012674689292908,
                    0.0
                ],
                [
                    116.99758911132813,
                    13.419903755187988,
                    -45.61345291137695,
                    1.0000001192092896
                ]
            ]
        },
        {
            "WorldMatrix": [
                [
                    1.0,
                    0.0,
                    0.0,
                    0.0
                ],
                [
                    0.0,
                    1.0,
                    0.0,
                    0.0
                ],
                [
                    0.0,
                    0.0,
                    1.0,
                    0.0
                ],
                [
                    157.61740112304688,
                    12.642496109008789,
                    -35.56501388549805,
                    1.0
                ]
            ]
        }
    ],
    "Elite_Police": [
        {
            "WorldMatrix": [
                [
                    -1.0651644468307495,
                    0.0,
                    1.056137204170227,
                    0.0
                ],
                [
                    0.0,
                    1.5,
                    0.0,
                    0.0
                ],
                [
                    -1.056137204170227,
                    0.0,
                    -1.0651644468307495,
                    0.0
                ],
                [
                    129.52883911132813,
                    1.6202317476272583,
                    -16.80451774597168,
                    1.0
                ]
            ]
        }
    ],