{
    "Buttler_Basic": [
        {
            "WorldMatrix": [
                [
                    -0.7700507640838623,
                    0.0,
                    -0.6379827260971069,
                    0.0
                ],
                [
                    0.0,
                    1.0,
                    0.0,
                    0.0
                ],
                [
                    0.6379827260971069,
                    0.0,
                    -0.7700507640838623,
                    0.0
                ],
                [
                    59.75483703613281,
                    -0.2666988968849182,
                    -10.442903518676758,
                    0.9999998807907104
                ]
            ]
        }
    ],
    "Buttler_Train": [
        {
            "WorldMatrix": [
                [
                    -0.9082995057106018,
                    0.0,
                    0.4183218777179718,
                    0.0
                ],
                [
                    0.0,
                    1.0,
                    0.0,
                    0.0
                ],
                [
                    -0.4183218777179718,
                    0.0,
                    -0.9082995057106018,
                    0.0
                ],
                [
                    92.47103881835938,
                    -0.2667238712310791,
                    -6.045807361602783,
                    1.0000001192092896
                ]
            ]
        },
        {
            "WorldMatrix": [
                [
                    0.13787105679512024,
                    0.0,
                    0.9904502630233765,
                    0.0
                ],
                [
                    0.0,
                    1.0,
                    0.0,
                    0.0
                ],
                [
                    -0.9904502630233765,
                    0.0,
                    0.13787105679512024,
                    0.0
                ],
                [
                    75.287353515625,
                    -0.26526856422424316,
                    -10.135339736938477,
                    1.0000001192092896
                ]
            ]
        }
    ]
}