{
    "FireEater": [
        {
            "SpawnType": 3,
            "WorldMatrix": [
                [
                    -1.0000001192092896,
                    -1.8199260694018449e-06,
                    0.0,
                    0.0
                ],
                [
                    -1.8199258420281694e-06,
                    1.0,
                    -1.8199258420281694e-06,
                    0.0
                ],
                [
                    3.3121305177685745e-12,
                    -1.8199260694018449e-06,
                    -1.0000001192092896,
                    0.0
                ],
                [
                    -0.23613983392715454,
                    0.4206903278827667,
                    -197.93685913085938,
                    1.0
                ]
            ]
        }
    ]
}