{
    "Buttler_Train": [
        {
            "SpawnType": 0,
            "WorldMatrix": [
                [
                    -0.9082995057106018,
                    0.0,
                    0.4183218777179718,
                    0.0
                ],
                [
                    0.0,
                    1.0,
                    0.0,
                    0.0
                ],
                [
                    -0.4183218777179718,
                    0.0,
                    -0.9082995057106018,
                    0.0
                ],
                [
                    92.47103881835938,
                    -0.2667238712310791,
                    -6.045807361602783,
                    1.0000001192092896
                ]
            ]
        },
        {
            "SpawnType": 1,
            "WorldMatrix": [
                [
                    -9.099627504838281e-07,
                    -1.656064716783201e-12,
                    -0.9999998211860657,
                    0.0
                ],
                [
                    -1.7324653072137153e-06,
                    0.999978244304657,
                    -7.954975653895469e-14,
                    0.0
                ],
                [
                    0.9999939203262329,
                    1.7324924783679307e-06,
                    -9.099574072024552e-07,
                    0.0
                ],
                [
                    77.77403259277344,
                    -0.26526856422424316,
                    -10.481486320495605,
                    1.0
                ]
            ]
        }
    ]
}