{
    "Buttler_Basic": [
        {
            "SpawnType": 0,
            "WorldMatrix": [
                [
                    0.3582499325275421,
                    0.029151195660233498,
                    0.933170735836029,
                    0.0
                ],
                [
                    0.0019142497330904007,
                    0.9994874000549316,
                    -0.031957730650901794,
                    0.0
                ],
                [
                    -0.9336239695549011,
                    0.013235185295343399,
                    0.35801056027412415,
                    0.0
                ],
                [
                    126.66448211669922,
                    13.419332504272461,
                    -66.84373474121094,
                    1.0000001192092896
                ]
            ]
        },
        {
            "SpawnType": 0,
            "WorldMatrix": [
                [
                    -0.23204874992370605,
                    0.0,
                    -0.9727043509483337,
                    0.0
                ],
                [
                    0.0,
                    1.0,
                    0.0,
                    0.0
                ],
                [
                    0.9727043509483337,
                    0.0,
                    -0.23204874992370605,
                    0.0
                ],
                [
                    147.88902282714844,
                    13.488801002502441,
                    -28.25667953491211,
                    0.9999998807907104
                ]
            ]
        }
    ],
    "Buttler_Range": [
        {
            "SpawnType": 3,
            "WorldMatrix": [
                [
                    0.568486213684082,
                    0.0,
                    0.8226932883262634,
                    0.0
                ],
                [
                    0.0,
                    1.0,
                    0.0,
                    0.0
                ],
                [
                    -0.8226932883262634,
                    0.0,
                    0.568486213684082,
                    0.0
                ],
                [
                    173.98667907714844,
                    7.702341556549072,
                    -49.07539367675781,
                    1.0
                ]
            ]
        }
    ],
    "Buttler_Train": [
        {
            "SpawnType": 0,
            "WorldMatrix": [
                [
                    0.7411829829216003,
                    0.0,
                    0.6713031530380249,
                    0.0
                ],
                [
                    0.0,
                    1.0,
                    0.0,
                    0.0
                ],
                [
                    -0.6713031530380249,
                    0.0,
                    0.7411829829216003,
                    0.0
                ],
                [
                    150.8177032470703,
                    2.6683526039123535,
                    -22.923301696777344,
                    0.9999997615814209
                ]
            ]
        },
        {
            "SpawnType": 0,
            "WorldMatrix": [
                [
                    -0.9352016448974609,
                    0.0,
                    0.35411718487739563,
                    0.0
                ],
                [
                    0.0,
                    1.0,
                    0.0,
                    0.0
                ],
                [
                    -0.35411718487739563,
                    0.0,
                    -0.9352016448974609,
                    0.0
                ],
                [
                    147.34584045410156,
                    2.666177272796631,
                    8.177077293395996,
                    1.0
                ]
            ]
        },
        {
            "SpawnType": 1,
            "WorldMatrix": [
                [
                    0.04163845628499985,
                    0.0,
                    0.9991327524185181,
                    0.0
                ],
                [
                    0.0,
                    1.0,
                    0.0,
                    0.0
                ],
                [
                    -0.9991327524185181,
                    0.0,
                    0.04163845628499985,
                    0.0
                ],
                [
                    149.82994079589844,
                    2.6690590381622314,
                    -8.31688404083252,
                    1.0000001192092896
                ]
            ]
        },
        {
            "SpawnType": 0,
            "WorldMatrix": [
                [
                    0.11767858266830444,
                    0.0,
                    -0.9930517673492432,
                    0.0
                ],
                [
                    0.0,
                    1.0,
                    0.0,
                    0.0
                ],
                [
                    0.9930517673492432,
                    0.0,
                    0.11767858266830444,
                    0.0
                ],
                [
                    167.73202514648438,
                    4.961770057678223,
                    -48.33060073852539,
                    1.0
                ]
            ]
        },
        {
            "SpawnType": 1,
            "WorldMatrix": [
                [
                    0.03665399178862572,
                    0.0,
                    0.999328076839447,
                    0.0
                ],
                [
                    0.0,
                    1.0,
                    0.0,
                    0.0
                ],
                [
                    -0.999328076839447,
                    0.0,
                    0.03665399178862572,
                    0.0
                ],
                [
                    158.4221649169922,
                    4.940476894378662,
                    -53.326751708984375,
                    1.0
                ]
            ]
        },
        {
            "SpawnType": 1,
            "WorldMatrix": [
                [
                    0.040615152567625046,
                    0.0,
                    -0.999174952507019,
                    0.0
                ],
                [
                    0.0,
                    1.0,
                    0.0,
                    0.0
                ],
                [
                    0.999174952507019,
                    0.0,
                    0.040615152567625046,
                    0.0
                ],
                [
                    116.99758911132813,
                    13.419903755187988,
                    -45.61345291137695,
                    1.0000001192092896
                ]
            ]
        },
        {
            "SpawnType": 1,
            "WorldMatrix": [
                [
                    1.0,
                    0.0,
                    0.0,
                    0.0
                ],
                [
                    0.0,
                    1.0,
                    0.0,
                    0.0
                ],
                [
                    0.0,
                    0.0,
                    1.0,
                    0.0
                ],
                [
                    157.61740112304688,
                    12.642496109008789,
                    -35.56501388549805,
                    1.0
                ]
            ]
        }
    ],
  "Elite_Police": [
    {
      "SpawnType": 0,