{
    "Buttler_Train": [
        {
            "WorldMatrix": [
                [
                    1.0,
                    0.0,
                    0.0,
                    0.0
                ],
                [
                    0.0,
                    1.0,
                    0.0,
                    0.0
                ],
                [
                    0.0,
                    0.0,
                    1.0,
                    0.0
                ],
                [
                    150.29864501953125,
                    2.6665937900543213,
                    -13.860294342041016,
                    1.0
                ]
            ]
        },
        {
            "WorldMatrix": [
                [
                    1.0,
                    0.0,
                    0.0,
                    0.0
                ],
                [
                    0.0,
                    1.0,
                    0.0,
                    0.0
                ],
                [
                    0.0,
                    0.0,
                    1.0,
                    0.0
                ],
                [
                    157.64768981933594,
                    2.6648521423339844,
                    -21.947477340698242,
                    1.0
                ]
            ]
        },
        {
            "WorldMatrix": [
                [
                    1.0,
                    0.0,
                    0.0,
                    0.0
                ],
                [
                    0.0,
                    1.0,
                    0.0,
                    0.0
                ],
                [
                    0.0,
                    0.0,
                    1.0,
                    0.0
                ],
                [
                    153.6121368408203,
                    13.51345443725586,
                    -21.321510314941406,
                    1.0
                ]
            ]
        },
        {
            "WorldMatrix": [
                [
                    1.0,
                    0.0,
                    0.0,
                    0.0
                ],
                [
                    0.0,
                    1.0,
                    0.0,
                    0.0
                ],
                [
                    0.0,
                    0.0,
                    1.0,
                    0.0
                ],
                [
                    145.68833923339844,
                    2.666152238845825,
                    -7.018883228302002,
                    0.9999998807907104
                ]
            ]
        }
    ],
    "FireEater": [
        {
            "WorldMatrix": [
                [
                    0.8999999761581421,
                    0.0,
                    0.0,
                    0.0
                ],
                [
                    0.0,
                    0.8999999761581421,
                    0.0,
                    0.0
                ],
                [
                    0.0,
                    0.0,
                    0.8999999761581421,
                    0.0
                ],
                [
                    128.02757263183594,
                    2.671243906021118,
                    -56.3258171081543,
                    1.0000001192092896
                ]
            ]
        }
    ]
}