{
    "Buttler_Train": [
        {
            "WorldMatrix": [
                [
                    -0.9082995057106018,
                    0.0,
                    0.4183218777179718,
                    0.0
                ],
                [
                    0.0,
                    1.0,
                    0.0,
                    0.0
                ],
                [
                    -0.4183218777179718,
                    0.0,
                    -0.9082995057106018,
                    0.0
                ],
                [
                    92.47103881835938,
                    -0.2667238712310791,
                    -6.045807361602783,
                    1.0000001192092896
                ]
            ]
        },
        {
            "WorldMatrix": [
                [
                    0.13787105679512024,
                    0.0,
                    0.9904502630233765,
                    0.0
                ],
                [
                    0.0,
                    1.0,
                    0.0,
                    0.0
                ],
                [
                    -0.9904502630233765,
                    0.0,
                    0.13787105679512024,
                    0.0
                ],
                [
                    75.287353515625,
                    -0.26526856422424316,
                    -10.135339736938477,
                    1.0000001192092896
                ]
            ]
        }
    ]
}