{
    "Buttler_Basic": [
        {
            "SpawnType": 3,
            "WorldMatrix": [
                [
                    1.0,
                    0.0,
                    0.0,
                    0.0
                ],
                [
                    0.0,
                    1.0,
                    0.0,
                    0.0
                ],
                [
                    0.0,
                    0.0,
                    1.0,
                    0.0
                ],
                [
                    198.8868865966797,
                    7.371521949768066,
                    0.6380654573440552,
                    1.0
                ]
            ]
        }
    ],
    "Buttler_Train": [
        {
            "SpawnType": 3,
            "WorldMatrix": [
                [
                    1.0,
                    0.0,
                    0.0,
                    0.0
                ],
                [
                    0.0,
                    1.0,
                    0.0,
                    0.0
                ],
                [
                    0.0,
                    0.0,
                    1.0,
                    0.0
                ],
                [
                    199.86984252929688,
                    7.370852470397949,
                    0.7536137104034424,
                    1.0
                ]
            ]
        }
    ]
}