{
    "Buttler_Range": [
        {
            "SpawnType": 3,
            "WorldMatrix": [
                [
                    1.0,
                    0.0,
                    0.0,
                    0.0
                ],
                [
                    0.0,
                    1.0,
                    0.0,
                    0.0
                ],
                [
                    0.0,
                    0.0,
                    1.0,
                    0.0
                ],
                [
                    216.1139678955078,
                    7.376352787017822,
                    -5.534399032592773,
                    0.9999998807907104
                ]
            ]
        },
        {
            "SpawnType": 3,
            "WorldMatrix": [
                [
                    1.0,
                    0.0,
                    0.0,
                    0.0
                ],
                [
                    0.0,
                    1.0,
                    0.0,
                    0.0
                ],
                [
                    0.0,
                    0.0,
                    1.0,
                    0.0
                ],
                [
                    200.63836669921875,
                    7.437322616577148,
                    -14.718648910522461,
                    1.0
                ]
            ]
        },
        {
            "SpawnType": 3,
            "WorldMatrix": [
                [
                    1.0,
                    0.0,
                    0.0,
                    0.0
                ],
                [
                    0.0,
                    1.0,
                    0.0,
                    0.0
                ],
                [
                    0.0,
                    0.0,
                    1.0,
                    0.0
                ],
                [
                    204.341064453125,
                    7.445452690124512,
                    -3.0612223148345947,
                    1.0
                ]
            ]
        }
    ]
}