{
    "Buttler_Basic": [
        {
            "SpawnType": 2,
            "WorldMatrix": [
                [
                    1.0,
                    0.0,
                    0.0,
                    0.0
                ],
                [
                    0.0,
                    1.0,
                    0.0,
                    0.0
                ],
                [
                    0.0,
                    0.0,
                    1.0,
                    0.0
                ],
                [
                    -7.533714294433594,
                    -1.1600472927093506,
                    17.620670318603516,
                    1.0
                ]
            ]
        },
        {
            "SpawnType": 0,
            "WorldMatrix": [
                [
                    1.0,
                    0.0,
                    0.0,
                    0.0
                ],
                [
                    0.0,
                    1.0,
                    0.0,
                    0.0
                ],
                [
                    0.0,
                    0.0,
                    1.0,
                    0.0
                ],
                [
                    -3.4868078231811523,
                    -1.1745922565460205,
                    17.66016387939453,
                    1.0
                ]
            ]
        },
        {
            "SpawnType": 1,
            "WorldMatrix": [
                [
                    1.0,
                    0.0,
                    0.0,
                    0.0
                ],
                [
                    0.0,
                    1.0,
                    0.0,
                    0.0
                ],
                [
                    0.0,
                    0.0,
                    1.0,
                    0.0
                ],
                [
                    -5.322124481201172,
                    -1.1750361919403076,
                    17.74905776977539,
                    1.0
                ]
            ]
        },
        {
            "SpawnType": 3,
            "WorldMatrix": [
                [
                    1.0,
                    0.0,
                    0.0,
                    0.0
                ],
                [
                    0.0,
                    1.0,
                    0.0,
                    0.0
                ],
                [
                    0.0,
                    0.0,
                    1.0,
                    0.0
                ],
                [
                    -9.811012268066406,
                    -1.1730021238327026,
                    17.58191680908203,
                    1.0
                ]
            ]
        }
    ],
    "Buttler_Range": [
        {
            "SpawnType": 3,
            "WorldMatrix": [
                [
                    1.0,
                    0.0,
                    0.0,
                    0.0
                ],
                [
                    0.0,
                    1.0,
                    0.0,
                    0.0
                ],
                [
                    0.0,
                    0.0,
                    1.0,
                    0.0
                ],
                [
                    -9.956635475158691,
                    -1.1575937271118164,
                    15.291854858398438,
                    1.0
                ]
            ]
        },
        {
            "SpawnType": 2,
            "WorldMatrix": [
                [
                    1.0,
                    0.0,
                    0.0,
                    0.0
                ],
                [
                    0.0,
                    1.0,
                    0.0,
                    0.0
                ],
                [
                    0.0,
                    0.0,
                    1.0,
                    0.0
                ],
                [
                    -7.976731300354004,
                    -1.1737862825393677,
                    15.488729476928711,
                    1.0
                ]
            ]
        },
        {
            "SpawnType": 1,
            "WorldMatrix": [
                [
                    1.0,
                    0.0,
                    0.0,
                    0.0
                ],
                [
                    0.0,
                    1.0,
                    0.0,
                    0.0
                ],
                [
                    0.0,
                    0.0,
                    1.0,
                    0.0
                ],
                [
                    -5.369673252105713,
                    -1.1734200716018677,
                    14.664908409118652,
                    1.0
                ]
            ]
        },
        {
            "SpawnType": 0,
            "WorldMatrix": [
                [
                    1.0,
                    0.0,
                    0.0,
                    0.0
                ],
                [
                    0.0,
                    1.0,
                    0.0,
                    0.0
                ],
                [
                    0.0,
                    0.0,
                    1.0,
                    0.0
                ],
                [
                    -3.439523935317993,
                    -1.175821304321289,
                    14.700563430786133,
                    1.0
                ]
            ]
        }
    ],
    "Buttler_Train": [
        {
            "SpawnType": 2,
            "WorldMatrix": [
                [
                    1.0,
                    0.0,
                    0.0,
                    0.0
                ],
                [
                    0.0,
                    1.0,
                    0.0,
                    0.0
                ],
                [
                    0.0,
                    0.0,
                    1.0,
                    0.0
                ],
                [
                    -6.830894947052002,
                    -1.1625332832336426,
                    13.285633087158203,
                    1.0
                ]
            ]
        },
        {
            "SpawnType": 1,
            "WorldMatrix": [
                [
                    1.0,
                    0.0,
                    0.0,
                    0.0
                ],
                [
                    0.0,
                    1.0,
                    0.0,
                    0.0
                ],
                [
                    0.0,
                    0.0,
                    1.0,
                    0.0
                ],
                [
                    -4.684091567993164,
                    -1.1560945510864258,
                    13.20654010772705,
                    1.0
                ]
            ]
        },
        {
            "SpawnType": 3,
            "WorldMatrix": [
                [
                    1.0,
                    0.0,
                    0.0,
                    0.0
                ],
                [
                    0.0,
                    1.0,
                    0.0,
                    0.0
                ],
                [
                    0.0,
                    0.0,
                    1.0,
                    0.0
                ],
                [
                    -9.487576484680176,
                    -1.1710894107818604,
                    12.902083396911621,
                    0.9999998807907104
                ]
            ]
        },
        {
            "SpawnType": 0,