{
    "Buttler_Range": [
        {
            "SpawnType": 3,
            "WorldMatrix": [
                [
                    1.0,
                    0.0,
                    0.0,
                    0.0
                ],
                [
                    0.0,
                    1.0,
                    0.0,
                    0.0
                ],
                [
                    0.0,
                    0.0,
                    1.0,
                    0.0
                ],
                [
                    216.1139678955078,
                    7.376352787017822,
                    -5.534399032592773,
                    0.9999998807907104
                ]
            ]
        },
        {
            "SpawnType": 3,
            "WorldMatrix": [
                [
                    1.0,
                    0.0,
                    0.0,
                    0.0
                ],
                [
                    0.0,
                    1.0,
                    0.0,
                    0.0
                ],
                [
                    0.0,
                    0.0,
                    1.0,
                    0.0
                ],
                [
                    200.63836669921875,
                    7.437322616577148,
                    -14.718648910522461,
                    1.0
                ]
            ]
        },
        {
            "SpawnType": 3,
            "WorldMatrix": [
                [
                    1.0,
                    0.0,
                    0.0,
                    0.0
                ],
                [
                    0.0,
                    1.0,
                    0.0,
                    0.0
                ],
                [
                    0.0,
                    0.0,
                    1.0,
                    0.0
                ],
                [
                    204.341064453125,
                    7.445452690124512,
                    -3.0612223148345947,
                    1.0
                ]
            ]
        }
    ],
    "FestivalLeader": [
        {
            "SpawnType": 3,
            "WorldMatrix": [
                [
                    -0.7922915816307068,
                    -0.020351311191916466,
                    -0.6098030805587769,
                    0.0
                ],
                [
                    -0.016127513721585274,
                    0.9997928738594055,
                    -0.012412863783538342,
                    0.0
                ],
                [
                    0.6099294424057007,
                    0.0,
                    -0.7924557328224182,
                    0.0
                ],
                [
                    219.20074462890625,
                    7.3779616355896,
                    1.8659467697143555,
                    1.0
                ]
            ]
        }
    ]
}