{
    "Buttler_Basic": [
        {
            "SpawnType": 3,
            "WorldMatrix": [
                [
                    1.0,
                    0.0,
                    0.0,
                    0.0
                ],
                [
                    0.0,
                    1.0,
                    0.0,
                    0.0
                ],
                [
                    0.0,
                    0.0,
                    1.0,
                    0.0
                ],
                [
                    -6.833845138549805,
                    -1.1600472927093506,
                    17.620670318603516,
                    1.0
                ]
            ]
        }
    ],
    "Buttler_Range": [
        {
            "SpawnType": 3,
            "WorldMatrix": [
                [
                    1.0,
                    0.0,
                    0.0,
                    0.0
                ],
                [
                    0.0,
                    1.0,
                    0.0,
                    0.0
                ],
                [
                    0.0,
                    0.0,
                    1.0,
                    0.0
                ],
                [
                    -9.956635475158691,
                    -1.1575937271118164,
                    15.291854858398438,
                    1.0
                ]
            ]
        }
    ],
    "Buttler_Train": [
        {
            "SpawnType": 3,
            "WorldMatrix": [
                [
                    1.0,
                    0.0,
                    0.0,
                    0.0
                ],
                [
                    0.0,
                    1.0,
                    0.0,
                    0.0
                ],
                [
                    0.0,
                    0.0,
                    1.0,
                    0.0
                ],
                [
                    -8.954951286315918,
                    -1.1625332832336426,
                    21.940147399902344,
                    1.0
                ]
            ]
        },
        {
            "SpawnType": 3,
            "WorldMatrix": [
                [
                    1.0,
                    0.0,
                    0.0,
                    0.0
                ],
                [
                    0.0,
                    1.0,
                    0.0,
                    0.0
                ],
                [
                    0.0,
                    0.0,
                    1.0,
                    0.0
                ],
                [
                    -4.684091567993164,
                    -1.1560945510864258,
                    13.20654010772705,
                    1.0
                ]
            ]
        }
    ],
    "FestivalLeader": [
        {
            "SpawnType": 3,
            "WorldMatrix": [
                [
                    1.0,
                    0.0,
                    0.0,
                    0.0
                ],
                [
                    0.0,
                    1.0,
                    0.0,
                    0.0
                ],
                [
                    0.0,
                    0.0,
                    1.0,
                    0.0
                ],
                [
                    13.469011306762695,
                    -1.165366530418396,
                    16.279691696166992,
                    1.0
                ]
            ]
        }
    ]
}