{
    "FestivalLeader": [
        {
            "SpawnType": 3,
            "WorldMatrix": [
                [
                    0.03394974023103714,
                    0.01295486930757761,
                    0.9993395805358887,
                    0.0
                ],
                [
                    -0.016127513721585274,
                    0.9997928738594055,
                    -0.012412863783538342,
                    0.0
                ],
                [
                    -0.9992935061454773,
                    -0.015695445239543915,
                    0.034151822328567505,
                    0.0
                ],
                [
                    412.4288635253906,
                    16.03683090209961,
                    -49.50979995727539,
                    1.0
                ]
            ]
        }
    ]
}