{
    "Buttler_Range": [
        {
            "SpawnType": 3,
            "WorldMatrix": [
                [
                    1.0,
                    0.0,
                    0.0,
                    0.0
                ],
                [
                    0.0,
                    1.0,
                    0.0,
                    0.0
                ],
                [
                    0.0,
                    0.0,
                    1.0,
                    0.0
                ],
                [
                    15.57140064239502,
                    -1.1763113737106323,
                    3.1025424003601074,
                    1.0
                ]
            ]
        }
    ],
    "Buttler_Train": [
        {
            "SpawnType": 1,
            "WorldMatrix": [
                [
                    1.0,
                    0.0,
                    0.0,
                    0.0
                ],
                [
                    0.0,
                    1.0,
                    0.0,
                    0.0
                ],
                [
                    0.0,
                    0.0,
                    1.0,
                    0.0
                ],
                [
                    32.07255935668945,
                    -1.1485767364501953,
                    1.838604211807251,
                    1.0
                ]
            ]
        }
    ],
    "Elite_Police": [
        {
            "SpawnType": 0,
            "WorldMatrix": [
                [
                    1.0,
                    0.0,
                    0.0,
                    0.0
                ],
                [
                    0.0,
                    1.0,
                    0.0,
                    0.0
                ],
                [
                    0.0,
                    0.0,
                    1.0,
                    0.0
                ],
                [
                    23.29754066467285,
                    -1.153465986251831,
                    0.6150102615356445,
                    1.0
                ]
            ]
        }
    ],
    "FireEater": [
        {
            "SpawnType": 2,
            "WorldMatrix": [
                [
                    1.0,
                    0.0,
                    0.0,
                    0.0
                ],
                [
                    0.0,
                    1.0,
                    0.0,
                    0.0
                ],
                [
                    0.0,
                    0.0,
                    1.0,
                    0.0
                ],
                [
                    27.013505935668945,
                    -1.1770904064178467,
                    -2.769515037536621,
                    1.0
                ]
            ]
        }
    ]
}