{
    "Buttler_Basic": [
        {
            "SpawnType": 2,
            "WorldMatrix": [
                [
                    1.0,
                    0.0,
                    0.0,
                    0.0
                ],
                [
                    0.0,
                    1.0,
                    0.0,
                    0.0
                ],
                [
                    0.0,
                    0.0,
                    1.0,
                    0.0
                ],
                [
                    236.5005645751953,
                    7.3879218101501465,
                    -26.049184799194336,
                    1.000000238418579
                ]
            ]
        },
        {
            "SpawnType": 4,
            "WorldMatrix": [
                [
                    0.30496954917907715,
                    0.0,
                    -0.9523622393608093,
                    0.0
                ],
                [
                    0.0,
                    1.0,
                    0.0,
                    0.0
                ],
                [
                    0.9523622393608093,
                    0.0,
                    0.30496954917907715,
                    0.0
                ],
                [
                    203.46217346191406,
                    7.400515079498291,
                    -26.164682388305664,
                    0.9999998807907104
                ]
            ]
        },
        {
            "SpawnType": 4,
            "WorldMatrix": [
                [
                    0.0672934502363205,
                    0.0,
                    0.9977334141731262,
                    0.0
                ],
                [
                    0.0,
                    1.0,
                    0.0,
                    0.0
                ],
                [
                    -0.9977334141731262,
                    0.0,
                    0.0672934502363205,
                    0.0
                ],
                [
                    257.38067626953125,
                    7.381974220275879,
                    10.005939483642578,
                    1.0
                ]
            ]
        },
        {
            "SpawnType": 4,
            "WorldMatrix": [
                [
                    0.43724918365478516,
                    0.0,
                    0.8993405103683472,
                    0.0
                ],
                [
                    0.0,
                    1.0,
                    0.0,
                    0.0
                ],
                [
                    -0.8993405103683472,
                    0.0,
                    0.43724918365478516,
                    0.0
                ],
                [
                    255.83230590820313,
                    7.481357574462891,
                    -7.425628662109375,
                    1.0
                ]
            ]
        },
        {
            "SpawnType": 3,
            "WorldMatrix": [
                [
                    1.0,
                    0.0,
                    0.0,
                    0.0
                ],
                [
                    0.0,
                    1.0,
                    0.0,
                    0.0
                ],
                [
                    0.0,
                    0.0,
                    1.0,
                    0.0
                ],
                [
                    254.5292205810547,
                    7.393993377685547,
                    -38.90922927856445,
                    0.9999997615814209
                ]
            ]
        },
        {
            "SpawnType": 3,
            "WorldMatrix": [
                [
                    1.0,
                    0.0,
                    0.0,
                    0.0
                ],
                [
                    0.0,
                    1.0,
                    0.0,
                    0.0
                ],
                [
                    0.0,
                    0.0,
                    1.0,
                    0.0
                ],
                [
                    243.1324920654297,
                    7.385126113891602,
                    -38.8934326171875,
                    1.0
                ]
            ]
        },
        {
            "SpawnType": 4,
            "WorldMatrix": [
                [
                    -0.9387885928153992,
                    0.0,
                    0.3444938361644745,
                    0.0
                ],
                [
                    0.0,
                    1.0,
                    0.0,
                    0.0
                ],
                [
                    -0.3444938361644745,
                    0.0,
                    -0.9387885928153992,
                    0.0
                ],
                [
                    261.811767578125,
                    11.724649429321289,
                    -55.25754928588867,
                    1.0
                ]
            ]
        },
        {
            "SpawnType": 3,
            "WorldMatrix": [
                [
                    -0.4286997318267822,
                    0.0,
                    -0.9034473299980164,
                    0.0
                ],
                [
                    0.0,
                    1.0,
                    0.0,
                    0.0
                ],
                [
                    0.9034473299980164,
                    0.0,
                    -0.4286997318267822,
                    0.0
                ],
                [
                    259.6978759765625,
                    11.732341766357422,
                    -64.72065734863281,
                    1.0
                ]
            ]
        },
        {
            "SpawnType": 3,
            "WorldMatrix": [
                [
                    0.030999183654785156,
                    0.0,
                    0.9995194673538208,
                    0.0
                ],
                [
                    0.0,
                    1.0,
                    0.0,
                    0.0
                ],
                [
                    -0.9995194673538208,
                    0.0,
                    0.030999183654785156,
                    0.0
                ],
                [
                    266.7801818847656,
                    11.731328010559082,
                    -65.87568664550781,
                    1.0
                ]
            ]
        },
        {
            "SpawnType": 3,
            "WorldMatrix": [
                [
                    -0.9591262936592102,
                    0.0,
                    0.28297874331474304,
                    0.0
                ],
                [
                    0.0,
                    1.0,
                    0.0,
                    0.0
                ],
                [
                    -0.28297874331474304,
                    0.0,
                    -0.9591262936592102,
                    0.0
                ],
                [
                    290.29931640625,
                    7.382201194763184,
                    -25.74010467529297,
                    1.0
                ]
            ]
        },
        {
            "SpawnType": 2,