{
    "FestivalLeader": [
        {
            "SpawnType": 3,
            "WorldMatrix": [
                [
                    0.03394974023103714,
                    0.01295486930757761,
                    0.9993395805358887,
                    0.0
                ],
                [
                    -0.016127513721585274,
                    0.9997928738594055,
                    -0.012412863783538342,
                    0.0
                ],
                [
                    -0.9992935061454773,
                    -0.015695445239543915,
                    0.034151822328567505,
                    0.0
                ],
                [
                    412.4288635253906,
                    16.03683090209961,
                    -49.50979995727539,
                    1.0
                ]
            ]
        }
    ],
    "WatchDog": [
        {
            "SpawnType": 3,
            "WorldMatrix": [
                [
                    0.34327077865600586,
                    0.0,
                    0.9392365217208862,
                    0.0
                ],
                [
                    0.0,
                    1.0,
                    0.0,
                    0.0
                ],
                [
                    -0.9392365217208862,
                    0.0,
                    0.34327077865600586,
                    0.0
                ],
                [
                    219.52113342285156,
                    7.376251697540283,
                    2.6145119667053223,
                    1.0
                ]
            ]
        },
        {
            "SpawnType": 3,
            "WorldMatrix": [
                [
                    -0.6611801385879517,
                    0.0,
                    0.7502272725105286,
                    0.0
                ],
                [
                    0.0,
                    1.0,
                    0.0,
                    0.0
                ],
                [
                    -0.7502272725105286,
                    0.0,
                    -0.6611801385879517,
                    0.0
                ],
                [
                    215.80003356933594,
                    7.370920181274414,
                    -8.741950988769531,
                    0.9999998807907104
                ]
            ]
        }
    ]
}