{
    "FestivalLeader": [
        {
            "SpawnType": 3,
            "WorldMatrix": [
                [
                    -0.7922915816307068,
                    -0.020351311191916466,
                    -0.6098030805587769,
                    0.0
                ],
                [
                    -0.016127513721585274,
                    0.9997928738594055,
                    -0.012412863783538342,
                    0.0
                ],
                [
                    0.6099294424057007,
                    0.0,
                    -0.7924557328224182,
                    0.0
                ],
                [
                    219.20074462890625,
                    7.3779616355896,
                    1.8659467697143555,
                    1.0
                ]
            ]
        }
    ]
}