{
    "Buttler_Train": [
        {
            "WorldMatrix": [
                [
                    1.0,
                    0.0,
                    0.0,
                    0.0
                ],
                [
                    0.0,
                    1.0,
                    0.0,
                    0.0
                ],
                [
                    0.0,
                    0.0,
                    1.0,
                    0.0
                ],
                [
                    143.5732421875,
                    2.6665596961975098,
                    -5.702907085418701,
                    1.0
                ]
            ]
        },
        {
            "WorldMatrix": [
                [
                    1.0,
                    0.0,
                    0.0,
                    0.0
                ],
                [
                    0.0,
                    1.0,
                    0.0,
                    0.0
                ],
                [
                    0.0,
                    0.0,
                    1.0,
                    0.0
                ],
                [
                    142.30029296875,
                    2.6675233840942383,
                    -12.222234725952148,
                    1.0
                ]
            ]
        },
        {
            "WorldMatrix": [
                [
                    1.0,
                    0.0,
                    0.0,
                    0.0
                ],
                [
                    0.0,
                    1.0,
                    0.0,
                    0.0
                ],
                [
                    0.0,
                    0.0,
                    1.0,
                    0.0
                ],
                [
                    150.29864501953125,
                    2.6665937900543213,
                    -13.860294342041016,
                    1.0
                ]
            ]
        },
        {
            "WorldMatrix": [
                [
                    1.0,
                    0.0,
                    0.0,
                    0.0
                ],
                [
                    0.0,
                    1.0,
                    0.0,
                    0.0
                ],
                [
                    0.0,
                    0.0,
                    1.0,
                    0.0
                ],
                [
                    157.64768981933594,
                    2.6648521423339844,
                    -21.947477340698242,
                    1.0
                ]
            ]
        },
        {
            "WorldMatrix": [
                [
                    1.0,
                    0.0,
                    0.0,
                    0.0
                ],
                [
                    0.0,
                    1.0,
                    0.0,
                    0.0
                ],
                [
                    0.0,
                    0.0,
                    1.0,
                    0.0
                ],
                [
                    155.4599151611328,
                    2.6658856868743896,
                    -19.187334060668945,
                    1.0
                ]
            ]
        },
        {
            "WorldMatrix": [
                [
                    1.0,
                    0.0,
                    0.0,
                    0.0
                ],
                [
                    0.0,
                    1.0,
                    0.0,
                    0.0
                ],
                [
                    0.0,
                    0.0,
                    1.0,
                    0.0
                ],
                [
                    157.4050750732422,
                    13.512923240661621,
                    -20.611328125,
                    1.0
                ]
            ]
        },
        {
            "WorldMatrix": [
                [
                    1.0,
                    0.0,
                    0.0,
                    0.0
                ],
                [
                    0.0,
                    1.0,
                    0.0,
                    0.0
                ],
                [
                    0.0,
                    0.0,
                    1.0,
                    0.0
                ],
                [
                    153.6121368408203,
                    13.51345443725586,
                    -21.321510314941406,
                    1.0
                ]
            ]
        },
        {
            "WorldMatrix": [
                [
                    1.0,
                    0.0,
                    0.0,
                    0.0
                ],
                [
                    0.0,
                    1.0,
                    0.0,
                    0.0
                ],
                [
                    0.0,
                    0.0,
                    1.0,
                    0.0
                ],
                [
                    170.17271423339844,
                    4.985670566558838,
                    -9.022415161132813,
                    1.0
                ]
            ]
        }
    ]
}