{
    "Buttler_Basic": [
        {
            "SpawnType": 3,
            "WorldMatrix": [
                [
                    1.0,
                    0.0,
                    0.0,
                    0.0
                ],
                [
                    0.0,
                    1.0,
                    0.0,
                    0.0
                ],
                [
                    0.0,
                    0.0,
                    1.0,
                    0.0
                ],
                [
                    201.16041564941406,
                    7.36557149887085,
                    2.651726722717285,
                    1.0000001192092896
                ]
            ]
        }
    ],
    "Buttler_Train": [
        {
            "SpawnType": 3,
            "WorldMatrix": [
                [
                    1.0,
                    0.0,
                    0.0,
                    0.0
                ],
                [
                    0.0,
                    1.0,
                    0.0,
                    0.0
                ],
                [
                    0.0,
                    0.0,
                    1.0,
                    0.0
                ],
                [
                    203.7226104736328,
                    7.364995956420898,
                    3.9294967651367188,
                    0.9999998807907104
                ]
            ]
        }
    ]
}