{
    "Buttler_Train": [
        {
            "WorldMatrix": [
                [
                    0.7411829829216003,
                    0.0,
                    0.6713031530380249,
                    0.0
                ],
                [
                    0.0,
                    1.0,
                    0.0,
                    0.0
                ],
                [
                    -0.6713031530380249,
                    0.0,
                    0.7411829829216003,
                    0.0
                ],
                [
                    150.8177032470703,
                    2.6683526039123535,
                    -22.923301696777344,
                    0.9999997615814209
                ]
            ]
        },
        {
            "WorldMatrix": [
                [
                    1.0,
                    0.0,
                    0.0,
                    0.0
                ],
                [
                    0.0,
                    1.0,
                    0.0,
                    0.0
                ],
                [
                    0.0,
                    0.0,
                    1.0,
                    0.0
                ],
                [
                    147.96275329589844,
                    13.41833209991455,
                    -28.10540008544922,
                    1.0000001192092896
                ]
            ]
        },
        {
            "WorldMatrix": [
                [
                    -0.9352016448974609,
                    0.0,
                    0.35411718487739563,
                    0.0
                ],
                [
                    0.0,
                    1.0,
                    0.0,
                    0.0
                ],
                [
                    -0.35411718487739563,
                    0.0,
                    -0.9352016448974609,
                    0.0
                ],
                [
                    147.34584045410156,
                    2.666177272796631,
                    8.177077293395996,
                    1.0
                ]
            ]
        },
        {
            "WorldMatrix": [
                [
                    0.13756366074085236,
                    0.0,
                    0.9904930591583252,
                    0.0
                ],
                [
                    0.0,
                    1.0,
                    0.0,
                    0.0
                ],
                [
                    -0.9904930591583252,
                    0.0,
                    0.13756366074085236,
                    0.0
                ],
                [
                    125.15538024902344,
                    13.420255661010742,
                    -66.7435531616211,
                    1.0000001192092896
                ]
            ]
        }
    ],
    "FireEater": [
        {
            "WorldMatrix": [
                [
                    0.8999999761581421,
                    0.0,
                    0.0,
                    0.0
                ],
                [
                    0.0,
                    0.8999999761581421,
                    0.0,
                    0.0
                ],
                [
                    0.0,
                    0.0,
                    0.8999999761581421,
                    0.0
                ],
                [
                    128.02757263183594,
                    2.671243906021118,
                    -56.3258171081543,
                    1.0000001192092896
                ]
            ]
        }
    ]
}