{
    "EffectObject": [
        {
            "Accel": [
                -200.0,
                -190.0
            ],
            "Animation": true,
            "Billboard": false,
            "Center": [
                0.0,
                0.0,
                0.0
            ],
            "CenterColor": [
                1.0,
                0.3027055263519287,
                0.17277485132217407,
                1.0
            ],
            "Color": [
                1.0,
                0.18848168849945068,
                0.0,
                1.0
            ],
            "DistortionStrength": 10.0,
            "Duration": 14,
            "EffectType": 1,
            "EmissiveIntensity": 3.0999999046325684,
            "EndTrack": 14,
            "FlipUV": false,
            "Gravity": 11.0,
            "IsGravity": true,
            "KeyFrames": [
                {
                    "Color": [
                        1.0,
                        0.18848168849945068,
                        0.0,
                        1.0
                    ],
                    "Intensity": 5.380000114440918,
                    "Interpolation": 0,
                    "Rotation": [
                        0.0,
                        0.0,
                        0.0,
                        0.0
                    ],
                    "Scale": [
                        1.0,
                        1.0,
                        1.0
                    ],
                    "TrackPosition": 0.0,
                    "Translation": [
                        0.0,
                        0.0,
                        0.0
                    ]
                }
            ],
            "LifeTime": 5002.150390625,
            "LifeTime_Particle": [
                0.019999999552965164,
                0.6000000238418579
            ],
            "Local": true,
            "Loop": false,
            "MaxLifeTime": 0.10000000149011612,
            "MaxSpeed": 1000.0,
            "MinSpeed": 1.0,
            "Name": "OldParticleDropsWSP1",
            "NumInstance": 80,
            "NumKeyFrames": 1,
            "Orbit": false,
            "OrbitAxis": [
                0.0,
                1.0,
                0.0
            ],
            "OrbitSpeed": [
                -45.0,
                45.0
            ],
            "PType": 0,
            "Pivot": [
                0.0,
                0.0,
                0.0
            ],
            "Range": [
                0.009999999776482582,
                0.009999999776482582,
                0.009999999776482582
            ],
            "RenderGroup": 8,
            "RotationAxis": [
                0.0,
                0.0,
                0.0
            ],
            "RotationSpeed": [
                0.0,
                0.0
            ],
            "ShaderPass": 3,
            "ShrinkThreshold": 0.009999999776482582,
            "Size": [
                0.009999999776482582,
                0.019999999552965164
            ],
            "Speed": [
                3.0,
                5.0
            ],
            "Spin": false,
            "StartTrack": 0,
            "StretchFactor": 0.014999999664723873,
            "TextureTags": [
                "",
                "T_Shere_02_C_LGS",
                "",
                ""
            ],
            "TextureUsage": [
                false,
                true,
                false,
                false
            ],
            "Threshold": 0.0,
            "TickPerSecond": 60.0,
            "TileTickPerSec": 60.0,
            "TileX": 1,
            "TileY": 1,
            "isTileLoop": false
        },
        {
            "Accel": [
                -40.97999954223633,
                -40.0
            ],
            "Animation": true,
            "Billboard": false,
            "Center": [
                0.0,
                0.0,
                0.0
            ],
            "CenterColor": [
                1.0,
                0.3027055263519287,
                0.17277485132217407,
                1.0
            ],
            "Color": [
                1.0,
                0.18848168849945068,
                0.0,
                1.0
            ],
            "DistortionStrength": 10.0,
            "Duration": 14,
            "EffectType": 1,
            "EmissiveIntensity": 3.0999999046325684,
            "EndTrack": 14,
            "FlipUV": false,
            "Gravity": 5.0,
            "IsGravity": true,
            "KeyFrames": [
                {
                    "Color": [
                        1.0,
                        0.18848168849945068,
                        0.0,
                        1.0
                    ],
                    "Intensity": 5.380000114440918,
                    "Interpolation": 0,
                    "Rotation": [
                        0.0,
                        0.0,
                        0.0,
                        0.0
                    ],
                    "Scale": [
                        1.0,
                        1.0,
                        1.0
                    ],
                    "TrackPosition": 0.0,
                    "Translation": [
                        0.0,
                        0.0,
                        0.0
                    ]
                }
            ],
            "LifeTime": 4998.31884765625,
            "LifeTime_Particle": [
                0.019999999552965164,
                0.6000000238418579
            ],
            "Local": true,
            "Loop": false,
            "MaxLifeTime": 0.10000000149011612,
            "MaxSpeed": 1000.0,
            "MinSpeed": 3.0,
            "Name": "OldParticleSpark_big1",
            "NumInstance": 100,
            "NumKeyFrames": 1,
            "Orbit": false,
            "OrbitAxis": [
                0.0,
                1.0,
                0.0
            ],
            "OrbitSpeed": [
                -45.0,
                45.0
            ],
            "PType": 0,
            "Pivot": [
                0.0,
                0.0,
                0.0
            ],
            "Range": [
                0.009999999776482582,
                0.009999999776482582,
                0.009999999776482582
            ],
            "RenderGroup": 8,
            "RotationAxis": [
                0.0,
                0.0,
                0.0
            ],
            "RotationSpeed": [
                0.0,
                0.0
            ],
            "ShaderPass": 3,
            "ShrinkThreshold": 0.009999999776482582,
            "Size": [
                0.009999999776482582,
                0.019999999552965164
            ],
            "Speed": [
                7.0,
                10.0
            ],
            "Spin": false,
            "StartTrack": 0,
            "StretchFactor": 0.014999999664723873,
            "TextureTags": [
                "",
                "T_Shere_02_C_LGS",
                "",
                ""
            ],
            "TextureUsage": [
                false,
                true,
                false,
                false
            ],
            "Threshold": 0.0,
            "TickPerSecond": 60.0,
            "TileTickPerSec": 60.0,
            "TileX": 1,
            "TileY": 1,
            "isTileLoop": false
        }
    ],
    "Loop": false,
    "MaxFrame": 12
}