{
    "EffectObject": [
        {
            "Accel": [
                0.0,
                0.0
            ],
            "Animation": true,
            "Billboard": false,
            "Center": [
                0.0,
                0.0,
                0.0
            ],
            "CenterColor": [
                0.4188481569290161,
                0.4188481569290161,
                0.4188481569290161,
                1.0
            ],
            "Color": [
                1.0,
                1.0,
                1.0,
                1.0
            ],
            "DistortionStrength": 86.5,
            "Duration": 1017,
            "EffectType": 1,
            "EmissiveIntensity": 0.0,
            "EndTrack": 1017,
            "FlipUV": true,
            "Gravity": 3.0,
            "IsGravity": true,
            "KeyFrames": [
                {
                    "Color": [
                        1.0,
                        1.0,
                        1.0,
                        1.0
                    ],
                    "Intensity": 1.0,
                    "Interpolation": 0,
                    "Rotation": [
                        0.0,
                        0.0,
                        0.0,
                        0.0
                    ],
                    "Scale": [
                        1.0,
                        1.0,
                        1.0
                    ],
                    "TrackPosition": 0.0,
                    "Translation": [
                        0.0,
                        0.0,
                        0.0
                    ]
                }
            ],
            "LifeTime": 477.88226318359375,
            "LifeTime_Particle": [
                1.0,
                3.0
            ],
            "Local": true,
            "Loop": true,
            "MaxLifeTime": 4.0,
            "MaxSpeed": 300.0,
            "MinSpeed": 0.0,
            "Name": "PlayerRainVolumeParticle1",
            "NumInstance": 15000,
            "NumKeyFrames": 1,
            "Orbit": true,
            "OrbitAxis": [
                0.0,
                1.0,
                0.0
            ],
            "OrbitSpeed": [
                -20.0,
                20.0
            ],
            "PType": 0,
            "Pivot": [
                -0.009999999776482582,
                21.719999313354492,
                0.009999999776482582
            ],
            "Range": [
                13.0,
                1.0,
                13.0
            ],
            "RenderGroup": 8,
            "RotationAxis": [
                0.0,
                0.0,
                0.0
            ],
            "RotationSpeed": [
                0.0,
                0.0
            ],
            "ShaderPass": 5,
            "ShrinkThreshold": 0.009999999776482582,
            "Size": [
                0.029999999329447746,
                0.10000000149011612
            ],
            "Speed": [
                2.0,
                5.0
            ],
            "Spin": false,
            "StartTrack": 0,
            "StretchFactor": 0.014999999664723873,
            "TextureTags": [
                "T_Decal_015_Emssive01_C_HJS",
                "T_Rain_Drip_Mask_01_C_RSW",
                "T_Decal_06_N_KMH",
                ""
            ],
            "TextureUsage": [
                true,
                true,
                true,
                false
            ],
            "Threshold": 0.0,
            "TickPerSecond": 60.0,
            "TileTickPerSec": 60.0,
            "TileX": 1,
            "TileY": 1,
            "isTileLoop": false
        }
    ],
    "Loop": true,
    "MaxFrame": 100
}