{
    "SM_Exhibition_Box_01": {
        "FragmentCount": 10,
        "Instances": [
            {
                "WorldMatrix": [
                    [
                        0.8792642951011658,
                        0.0,
                        -0.4763343632221222,
                        0.0
                    ],
                    [
                        0.0,
                        1.0,
                        0.0,
                        0.0
                    ],
                    [
                        0.4763343632221222,
                        0.0,
                        0.8792642951011658,
                        0.0
                    ],
                    [
                        210.49349975585938,
                        7.415343284606934,
                        -4.6652960777282715,
                        1.0
                    ]
                ]
            }
        ]
    },
    "SM_Exhibition_Box_02": {
        "FragmentCount": 10,
        "Instances": [
            {
                "WorldMatrix": [
                    [
                        1.0,
                        0.0,
                        0.0,
                        0.0
                    ],
                    [
                        0.0,
                        1.0,
                        0.0,
                        0.0
                    ],
                    [
                        0.0,
                        0.0,
                        1.0,
                        0.0
                    ],
                    [
                        227.1320343017578,
                        7.404191493988037,
                        -15.096856117248535,
                        0.9999998807907104
                    ]
                ]
            },
            {
                "WorldMatrix": [
                    [
                        0.8700166940689087,
                        0.0,
                        0.4930223822593689,
                        0.0
                    ],
                    [
                        0.0,
                        1.0,
                        0.0,
                        0.0
                    ],
                    [
                        -0.4930223822593689,
                        0.0,
                        0.8700166940689087,
                        0.0
                    ],
                    [
                        287.7139892578125,
                        7.376914024353027,
                        -19.553007125854492,
                        1.0
                    ]
                ]
            }
        ]
    },
    "SM_Exhibition_Box_04": {
        "FragmentCount": 15,
        "Instances": [
            {
                "WorldMatrix": [
                    [
                        0.7376804947853088,
                        0.0,
                        -0.6751500368118286,
                        0.0
                    ],
                    [
                        0.0,
                        1.0,
                        0.0,
                        0.0
                    ],
                    [
                        0.6751500368118286,
                        0.0,
                        0.7376804947853088,
                        0.0
                    ],
                    [
                        226.1037139892578,
                        7.40059757232666,
                        -16.249652862548828,
                        1.0
                    ]
                ]
            }
        ]
    },
    "SM_OldTown_WoodBoard_03": {
        "FragmentCount": 6,
        "Instances": [
            {
                "WorldMatrix": [
                    [
                        1.0,
                        0.0,
                        0.0,
                        0.0
                    ],
                    [
                        0.0,
                        0.9987242817878723,
                        -0.050497304648160934,
                        0.0
                    ],
                    [
                        0.0,
                        0.050497304648160934,
                        0.9987242817878723,
                        0.0
                    ],
                    [
                        206.04161071777344,
                        7.537667274475098,
                        -12.781088829040527,
                        1.0000001192092896
                    ]
                ]
            }
        ]
    },
    "T_Tile_BrickFloor_01": {
        "FragmentCount": 0,
        "Instances": [
            {
                "WorldMatrix": [
                    [
                        41.12129211425781,
                        0.0,
                        0.0,
                        0.0
                    ],
                    [
                        0.0,
                        1.0,
                        0.0,
                        0.0
                    ],
                    [
                        0.0,
                        0.0,
                        77.12940979003906,
                        0.0
                    ],
                    [
                        227.28427124023438,
                        6.365279197692871,
                        -16.332927703857422,
                        1.0
                    ]
                ]
            }
        ]
    }
}