{
    "SM_Exhibition_Box_01": {
        "FragmentCount": 10,
        "Instances": [
            {
                "WorldMatrix": [
                    [
                        0.7933244705200195,
                        0.0,
                        -0.6087990999221802,
                        0.0
                    ],
                    [
                        0.0,
                        1.0,
                        0.0,
                        0.0
                    ],
                    [
                        0.6087990999221802,
                        0.0,
                        0.7933244705200195,
                        0.0
                    ],
                    [
                        170.0909423828125,
                        4.960299015045166,
                        -25.658432006835938,
                        1.0
                    ]
                ]
            }
        ]
    },
    "SM_Exhibition_Box_02": {
        "FragmentCount": 10,
        "Instances": [
            {
                "WorldMatrix": [
                    [
                        1.0,
                        0.0,
                        0.0,
                        0.0
                    ],
                    [
                        0.0,
                        1.0,
                        0.0,
                        0.0
                    ],
                    [
                        0.0,
                        0.0,
                        1.0,
                        0.0
                    ],
                    [
                        168.05841064453125,
                        4.959794998168945,
                        -25.726062774658203,
                        0.9999997615814209
                    ]
                ]
            }
        ]
    }
}