{
    "SM_OldTown_WoodBoard_03": {
        "FragmentCount": 6,
        "Instances": [
            {
                "WorldMatrix": [
                    [
                        0.9034138321876526,
                        0.0,
                        0.42876988649368286,
                        0.0
                    ],
                    [
                        0.0,
                        1.0,
                        0.0,
                        0.0
                    ],
                    [
                        -0.42876988649368286,
                        0.0,
                        0.9034138321876526,
                        0.0
                    ],
                    [
                        97.46285247802734,
                        0.753356397151947,
                        -7.219045639038086,
                        1.0
                    ]
                ]
            }
        ]
    }
}