{
    "SM_Exhibition_Box_01": {
        "FragmentCount": 10,
        "Instances": [
            {
                "WorldMatrix": [
                    [
                        -0.48068422079086304,
                        0.0,
                        0.8768943548202515,
                        0.0
                    ],
                    [
                        0.0,
                        1.0,
                        0.0,
                        0.0
                    ],
                    [
                        -0.8768943548202515,
                        0.0,
                        -0.48068422079086304,
                        0.0
                    ],
                    [
                        105.55279541015625,
                        0.5973936915397644,
                        -2.2437875270843506,
                        1.0
                    ]
                ]
            },
            {
                "WorldMatrix": [
                    [
                        0.9914918541908264,
                        0.0,
                        -0.1301695555448532,
                        0.0
                    ],
                    [
                        0.0,
                        1.0,
                        0.0,
                        0.0
                    ],
                    [
                        0.1301695555448532,
                        0.0,
                        0.9914918541908264,
                        0.0
                    ],
                    [
                        51.183372497558594,
                        -0.26878467202186584,
                        -10.627686500549316,
                        1.0000001192092896
                    ]
                ]
            },
            {
                "WorldMatrix": [
                    [
                        0.9914918541908264,
                        0.0,
                        -0.1301695555448532,
                        0.0
                    ],
                    [
                        0.0,
                        1.0,
                        0.0,
                        0.0
                    ],
                    [
                        0.1301695555448532,
                        0.0,
                        0.9914918541908264,
                        0.0
                    ],
                    [
                        116.18328857421875,
                        1.5823770761489868,
                        -6.386541843414307,
                        1.0
                    ]
                ]
            },
            {
                "WorldMatrix": [
                    [
                        0.993733286857605,
                        0.0,
                        0.11177808791399002,
                        0.0
                    ],
                    [
                        0.0,
                        1.0,
                        0.0,
                        0.0
                    ],
                    [
                        -0.11177808791399002,
                        0.0,
                        0.993733286857605,
                        0.0
                    ],
                    [
                        118.40937805175781,
                        1.5861908197402954,
                        -10.50938892364502,
                        1.0000001192092896
                    ]
                ]
            },
            {
                "WorldMatrix": [
                    [
                        -0.9967285990715027,
                        0.0,
                        0.08082332462072372,
                        0.0
                    ],
                    [
                        0.0,
                        1.0,
                        0.0,
                        0.0
                    ],
                    [
                        -0.08082332462072372,
                        0.0,
                        -0.9967285990715027,
                        0.0
                    ],
                    [
                        114.07357788085938,
                        1.5816388130187988,
                        -10.550325393676758,
                        1.0
                    ]
                ]
            }
        ]
    },
    "SM_Exhibition_Box_02": {
        "FragmentCount": 10,
        "Instances": [
            {
                "WorldMatrix": [
                    [
                        1.0,
                        0.0,
                        0.0,
                        0.0
                    ],
                    [
                        0.0,
                        1.0,
                        0.0,
                        0.0
                    ],
                    [
                        0.0,
                        0.0,
                        1.0,
                        0.0
                    ],
                    [
                        118.54777526855469,
                        1.58061683177948,
                        -6.4295172691345215,
                        1.0000001192092896
                    ]
                ]
            }
        ]
    },
    "SM_Exhibition_Box_04": {
        "FragmentCount": 15,