{
    "SM_Exhibition_Box_01": {
        "FragmentCount": 10,
        "Instances": [
            {
                "WorldMatrix": [
                    [
                        1.0,
                        0.0,
                        0.0,
                        0.0
                    ],
                    [
                        0.0,
                        1.0,
                        0.0,
                        0.0
                    ],
                    [
                        0.0,
                        0.0,
                        1.0,
                        0.0
                    ],
                    [
                        2.6194231510162354,
                        0.3007615804672241,
                        -239.17404174804688,
                        1.0
                    ]
                ]
            },
            {
                "WorldMatrix": [
                    [
                        1.0,
                        0.0,
                        0.0,
                        0.0
                    ],
                    [
                        0.0,
                        1.0,
                        0.0,
                        0.0
                    ],
                    [
                        0.0,
                        0.0,
                        1.0,
                        0.0
                    ],
                    [
                        1.8638209104537964,
                        0.30043187737464905,
                        -241.38235473632813,
                        0.9999998807907104
                    ]
                ]
            }
        ]
    },
    "SM_Factory_BasePipe_07": {
        "FragmentCount": 0,
        "Instances": [
            {
                "WorldMatrix": [
                    [
                        1.0,
                        0.0,
                        0.0,
                        0.0
                    ],
                    [
                        0.0,
                        1.0,
                        0.0,
                        0.0
                    ],
                    [
                        0.0,
                        0.0,
                        1.0,
                        0.0
                    ],
                    [
                        -14.300000190734863,
                        10.6543550491333,
                        -203.03973388671875,
                        1.0
                    ]
                ]
            },
            {
                "WorldMatrix": [
                    [
                        1.0,
                        0.0,
                        0.0,
                        0.0
                    ],
                    [
                        0.0,
                        1.0,
                        0.0,
                        0.0
                    ],
                    [
                        0.0,
                        0.0,
                        1.0,
                        0.0
                    ],
                    [
                        -14.297370910644531,
                        10.6543550491333,
                        -214.3086700439453,
                        0.9999998807907104
                    ]
                ]
            },
            {
                "WorldMatrix": [
                    [
                        1.0,
                        0.0,
                        0.0,
                        0.0
                    ],
                    [
                        0.0,
                        1.0,
                        0.0,
                        0.0
                    ],
                    [
                        0.0,
                        0.0,
                        1.0,
                        0.0
                    ],
                    [
                        4.921990871429443,
                        10.6543550491333,
                        -225.98837280273438,
                        0.9999998807907104
                    ]
                ]
            },
            {
                "WorldMatrix": [
                    [
                        1.0,
                        0.0,
                        0.0,
                        0.0
                    ],
                    [
                        0.0,
                        1.0,
                        0.0,
                        0.0
                    ],
                    [
                        0.0,
                        0.0,
                        1.0,
                        0.0
                    ],
                    [
                        4.921990871429443,
                        10.6543550491333,
                        -214.3086700439453,
                        0.9999998807907104
                    ]
                ]
            },
            {
                "WorldMatrix": [
                    [
                        1.0,
                        0.0,
                        0.0,
                        0.0
                    ],
                    [
                        0.0,
                        1.0,
                        0.0,
                        0.0
                    ],
                    [
                        0.0,
                        0.0,
                        1.0,
                        0.0
                    ],
                    [
                        4.919361591339111,
                        10.6543550491333,
                        -203.03973388671875,
                        1.0
                    ]
                ]
            },
            {
                "WorldMatrix": [
                    [
                        1.0,
                        0.0,
                        0.0,
                        0.0
                    ],
                    [
                        0.0,
                        1.0,
                        0.0,
                        0.0
                    ],
                    [
                        0.0,
                        0.0,
                        1.0,
                        0.0
                    ],
                    [
                        -14.297370910644531,
                        10.6543550491333,
                        -225.9903564453125,
                        0.9999998807907104
                    ]
                ]
            }
        ]
    }
}