{
    "SM_Exhibition_Box_01": {
        "FragmentCount": 10,
        "Instances": [
            {
                "WorldMatrix": [
                    [
                        1.0,
                        0.0,
                        0.0,
                        0.0
                    ],
                    [
                        0.0,
                        1.0,
                        0.0,
                        0.0
                    ],
                    [
                        0.0,
                        0.0,
                        1.0,
                        0.0
                    ],
                    [
                        1.8507672548294067,
                        -1.1773556470870972,
                        4.031357288360596,
                        1.0
                    ]
                ]
            }
        ]
    },
    "SM_Exhibition_Box_02": {
        "FragmentCount": 10,
        "Instances": [
            {
                "WorldMatrix": [
                    [
                        1.0,
                        0.0,
                        0.0,
                        0.0
                    ],
                    [
                        0.0,
                        1.0,
                        0.0,
                        0.0
                    ],
                    [
                        0.0,
                        0.0,
                        1.0,
                        0.0
                    ],
                    [
                        1.8255152702331543,
                        -1.1778693199157715,
                        -1.0355485677719116,
                        0.9999998807907104
                    ]
                ]
            }
        ]
    },
    "SM_Exhibition_Box_04": {
        "FragmentCount": 15,
        "Instances": [
            {
                "WorldMatrix": [
                    [
                        1.0,
                        0.0,
                        0.0,
                        0.0
                    ],
                    [
                        0.0,
                        1.0,
                        0.0,
                        0.0
                    ],
                    [
                        0.0,
                        0.0,
                        1.0,
                        0.0
                    ],
                    [
                        0.7446854710578918,
                        -1.176483392715454,
                        1.6328402757644653,
                        1.0
                    ]
                ]
            }
        ]
    },
    "SM_Factory_BasePipe_07": {
        "FragmentCount": 0,
        "Instances": [
            {
                "WorldMatrix": [
                    [
                        1.0,
                        0.0,
                        0.0,
                        0.0
                    ],
                    [
                        0.0,
                        1.0,
                        0.0,
                        0.0
                    ],
                    [
                        0.0,
                        0.0,
                        1.0,
                        0.0
                    ],
                    [
                        10.10497760772705,
                        9.138551712036133,
                        -8.340968132019043,
                        0.9999998807907104
                    ]
                ]
            },
            {
                "WorldMatrix": [
                    [
                        1.0,
                        0.0,
                        0.0,
                        0.0
                    ],
                    [
                        0.0,
                        1.0,
                        0.0,
                        0.0
                    ],
                    [
                        0.0,
                        0.0,
                        1.0,
                        0.0
                    ],
                    [
                        1.1052063703536987,
                        9.138551712036133,
                        -8.5020170211792,
                        0.9999998807907104
                    ]
                ]
            },
            {
                "WorldMatrix": [
                    [
                        1.0,
                        0.0,
                        0.0,
                        0.0
                    ],
                    [
                        0.0,
                        1.0,
                        0.0,
                        0.0
                    ],
                    [
                        0.0,
                        0.0,
                        1.0,
                        0.0
                    ],
                    [
                        5.5435285568237305,
                        9.138551712036133,
                        -8.671859741210938,
                        0.9999998807907104
                    ]
                ]
            }
        ]
    },
    "SM_Interior_Box_01": {
        "FragmentCount": 4,
        "Instances": [
            {
                "WorldMatrix": [
                    [
                        1.0,
                        0.0,
                        0.0,
                        0.0
                    ],
                    [
                        0.0,
                        1.0,
                        0.0,
                        0.0
                    ],
                    [
                        0.0,
                        0.0,
                        1.0,
                        0.0
                    ],
                    [
                        5.142310619354248,
                        -1.1745723485946655,
                        4.511229515075684,
                        1.0000001192092896
                    ]
                ]
            },
            {
                "WorldMatrix": [
                    [
                        1.0,
                        0.0,
                        0.0,
                        0.0
                    ],
                    [
                        0.0,
                        1.0,
                        0.0,
                        0.0
                    ],
                    [
                        0.0,
                        0.0,
                        1.0,
                        0.0
                    ],
                    [
                        5.903619766235352,
                        -1.1780667304992676,
                        3.434401750564575,
                        1.0
                    ]
                ]
            },
            {
                "WorldMatrix": [
                    [
                        1.0,
                        0.0,
                        0.0,
                        0.0
                    ],
                    [
                        0.0,
                        1.0,
                        0.0,
                        0.0
                    ],
                    [
                        0.0,
                        0.0,
                        1.0,
                        0.0
                    ],
                    [
                        4.328858375549316,
                        -1.1788678169250488,
                        3.304628610610962,
                        1.0
                    ]
                ]
            }
        ]
    },
    "SM_Interior_Table_02": {
        "FragmentCount": 5,