{
    "SM_Exhibition_Box_01": {
        "FragmentCount": 10,
        "Instances": [
            {
                "WorldMatrix": [
                    [
                        1.0,
                        0.0,
                        0.0,
                        0.0
                    ],
                    [
                        0.0,
                        1.0,
                        0.0,
                        0.0
                    ],
                    [
                        0.0,
                        0.0,
                        1.0,
                        0.0
                    ],
                    [
                        10.567320823669434,
                        0.30687665939331055,
                        -243.5343475341797,
                        1.000000238418579
                    ]
                ]
            },
            {
                "WorldMatrix": [
                    [
                        1.0,
                        0.0,
                        0.0,
                        0.0
                    ],
                    [
                        0.0,
                        1.0,
                        0.0,
                        0.0
                    ],
                    [
                        0.0,
                        0.0,
                        1.0,
                        0.0
                    ],
                    [
                        7.739430904388428,
                        0.30593380331993103,
                        -236.22789001464844,
                        0.9999998807907104
                    ]
                ]
            }
        ]
    },
    "SM_Factory_BasePipe_07": {
        "FragmentCount": 0,
        "Instances": [
            {
                "WorldMatrix": [
                    [
                        1.0,
                        0.0,
                        0.0,
                        0.0
                    ],
                    [
                        0.0,
                        1.0,
                        0.0,
                        0.0
                    ],
                    [
                        0.0,
                        0.0,
                        1.0,
                        0.0
                    ],
                    [
                        -14.300000190734863,
                        10.6543550491333,
                        -203.03973388671875,
                        1.0
                    ]
                ]
            },
            {
                "WorldMatrix": [
                    [
                        1.0,
                        0.0,
                        0.0,
                        0.0
                    ],
                    [
                        0.0,
                        1.0,
                        0.0,
                        0.0
                    ],
                    [
                        0.0,
                        0.0,
                        1.0,
                        0.0
                    ],
                    [
                        -14.297370910644531,
                        10.6543550491333,
                        -214.3086700439453,
                        0.9999998807907104
                    ]
                ]
            },
            {
                "WorldMatrix": [
                    [
                        1.0,
                        0.0,
                        0.0,
                        0.0
                    ],
                    [
                        0.0,
                        1.0,
                        0.0,
                        0.0
                    ],
                    [
                        0.0,
                        0.0,
                        1.0,
                        0.0
                    ],
                    [
                        4.921990871429443,
                        10.6543550491333,
                        -225.98837280273438,
                        0.9999998807907104
                    ]
                ]
            },
            {
                "WorldMatrix": [
                    [
                        1.0,
                        0.0,
                        0.0,
                        0.0
                    ],
                    [
                        0.0,
                        1.0,
                        0.0,
                        0.0
                    ],
                    [
                        0.0,
                        0.0,
                        1.0,
                        0.0
                    ],
                    [
                        4.921990871429443,
                        10.6543550491333,
                        -214.3086700439453,
                        0.9999998807907104
                    ]
                ]
            },
            {
                "WorldMatrix": [
                    [
                        1.0,
                        0.0,
                        0.0,
                        0.0
                    ],
                    [
                        0.0,
                        1.0,
                        0.0,
                        0.0
                    ],
                    [
                        0.0,
                        0.0,
                        1.0,
                        0.0
                    ],
                    [
                        4.919361591339111,
                        10.6543550491333,
                        -203.03973388671875,
                        1.0
                    ]
                ]
            },
            {
                "WorldMatrix": [
                    [
                        1.0,
                        0.0,
                        0.0,
                        0.0
                    ],
                    [
                        0.0,
                        1.0,
                        0.0,
                        0.0
                    ],
                    [
                        0.0,
                        0.0,
                        1.0,
                        0.0
                    ],
                    [
                        -14.297370910644531,
                        10.6543550491333,
                        -225.9903564453125,
                        0.9999998807907104
                    ]
                ]
            }
        ]
    }
}