{
    "SM_OldTown_WoodBoard_03": {
        "FragmentCount": 6,
        "Instances": [
            {
                "WorldMatrix": [
                    [
                        1.0,
                        0.0,
                        0.0,
                        0.0
                    ],
                    [
                        0.0,
                        0.9987242817878723,
                        -0.050497304648160934,
                        0.0
                    ],
                    [
                        0.0,
                        0.050497304648160934,
                        0.9987242817878723,
                        0.0
                    ],
                    [
                        206.04161071777344,
                        7.576609134674072,
                        -12.01089096069336,
                        1.0000001192092896
                    ]
                ]
            },
            {
                "WorldMatrix": [
                    [
                        1.0,
                        0.0,
                        0.0,
                        0.0
                    ],
                    [
                        0.0,
                        0.9987242817878723,
                        -0.050497304648160934,
                        0.0
                    ],
                    [
                        0.0,
                        0.050497304648160934,
                        0.9987242817878723,
                        0.0
                    ],
                    [
                        211.9005889892578,
                        7.579190731048584,
                        -5.495870590209961,
                        1.0
                    ]
                ]
            }
        ]
    }
}