{
    "ModelCount": 1,
    "Models": [
        {
            "Collision": false,
            "ModelName": "SM_Station_TicketOffice_01",
            "ObjectCount": 3,
            "Objects": [
                {
                    "ColliderType": 0,
                    "WorldMatrix": [
                        [
                            1.0,
                            0.0,
                            0.0,
                            0.0
                        ],
                        [
                            0.0,
                            1.0,
                            0.0,
                            0.0
                        ],
                        [
                            0.0,
                            0.0,
                            1.0,
                            0.0
                        ],
                        [
                            0.991972804069519,
                            0.2866288125514984,
                            -0.17658449709415436,
                            0.9999999403953552
                        ]
                    ]
                },
                {
                    "ColliderType": 0,
                    "WorldMatrix": [
                        [
                            1.0,
                            0.0,
                            0.0,
                            0.0
                        ],
                        [
                            0.0,
                            1.0,
                            0.0,
                            0.0
                        ],
                        [
                            0.0,
                            0.0,
                            1.0,
                            0.0
                        ],
                        [
                            0.991972804069519,
                            0.2866288125514984,
                            -0.8515465259552002,
                            0.9999999403953552
                        ]
                    ]
                },
                {
                    "ColliderType": 0,
                    "WorldMatrix": [
                        [
                            1.0,
                            0.0,
                            0.0,
                            0.0
                        ],
                        [
                            0.0,
                            1.0,
                            0.0,
                            0.0
                        ],
                        [
                            0.0,
                            0.0,
                            1.0,
                            0.0
                        ],
                        [
                            0.991972804069519,
                            0.2866288125514984,
                            0.4434959888458252,
                            0.9999999403953552
                        ]
                    ]
                }
            ]
        }
    ]
}