{
    "ModelCount": 2,
    "Models": [
        {
            "Collision": true,
            "ModelName": "FloorA",
            "ObjectCount": 1,
            "Objects": [
                {
                    "ColliderType": 1,
                    "LightShape": 0,
                    "TileDensity": [
                        1.0,
                        1.0
                    ],
                    "WorldMatrix": [
                        [
                            69.04376220703125,
                            0.0,
                            0.0,
                            0.0
                        ],
                        [
                            0.0,
                            3.4800000190734863,
                            0.0,
                            0.0
                        ],
                        [
                            0.0,
                            0.0,
                            190.5684814453125,
                            0.0
                        ],
                        [
                            0.0,
                            -2.154688835144043,
                            0.0,
                            1.0
                        ]
                    ]
                }
            ]
        },
        {
            "Collision": true,
            "ModelName": "SM_Station_TicketOffice_01",
            "ObjectCount": 7,
            "Objects": [
                {
                    "ColliderType": 1,
                    "LightShape": 0,
                    "WorldMatrix": [
                        [
                            -0.10810045897960663,
                            0.0,
                            0.9941399693489075,
                            0.0
                        ],
                        [
                            0.0,
                            1.0,
                            0.0,
                            0.0
                        ],
                        [
                            -0.9941399693489075,
                            0.0,
                            -0.10810045897960663,
                            0.0
                        ],
                        [
                            26.187864303588867,
                            -1.1296346187591553,
                            -3.207493782043457,
                            1.0
                        ]
                    ]
                },
                {
                    "ColliderType": 1,
                    "LightShape": 0,
                    "WorldMatrix": [
                        [
                            1.0,
                            0.0,
                            0.0,
                            0.0
                        ],
                        [
                            0.0,
                            1.0,
                            0.0,
                            0.0
                        ],
                        [
                            0.0,
                            0.0,
                            1.0,
                            0.0
                        ],
                        [
                            6.155733585357666,
                            -1.1472432613372803,
                            -1.1501164436340332,
                            1.0
                        ]
                    ]
                },
                {
                    "ColliderType": 2,
                    "LightShape": 0,
                    "WorldMatrix": [
                        [
                            0.7260582447052002,
                            0.0,
                            0.6876335144042969,
                            0.0
                        ],
                        [
                            0.0,
                            1.0,
                            0.0,
                            0.0
                        ],
                        [
                            -0.6876335144042969,
                            0.0,
                            0.7260582447052002,
                            0.0
                        ],
                        [
                            22.17378044128418,
                            -1.1355319023132324,
                            0.511260986328125,
                            1.0
                        ]
                    ]
                },
                {
                    "ColliderType": 0,
                    "LightShape": 0,
                    "WorldMatrix": [
                        [
                            -0.10810045897960663,
                            0.0,
                            0.9941399693489075,
                            0.0
                        ],
                        [
                            0.0,
                            1.0,
                            0.0,
                            0.0
                        ],
                        [
                            -0.9941399693489075,
                            0.0,
                            -0.10810045897960663,
                            0.0
                        ],
                        [
                            31.96938705444336,
                            -1.1438554525375366,
                            1.0799596309661865,
                            1.0
                        ]
                    ]
                },
                {
                    "ColliderType": 0,
                    "LightShape": 0,
                    "WorldMatrix": [
                        [
                            -0.10810045897960663,
                            0.0,
                            0.9941399693489075,
                            0.0
                        ],
                        [
                            0.0,
                            1.0,
                            0.0,
                            0.0
                        ],
                        [
                            -0.9941399693489075,
                            0.0,
                            -0.10810045897960663,
                            0.0
                        ],
                        [
                            39.078643798828125,
                            -1.1421029567718506,
                            -2.262439489364624,
                            1.0
                        ]
                    ]
                },
                {
                    "ColliderType": 0,
                    "LightShape": 0,
                    "WorldMatrix": [
                        [
                            -0.10810045897960663,
                            0.0,
                            0.9941399693489075,
                            0.0
                        ],
                        [
                            0.0,
                            1.0,
                            0.0,
                            0.0
                        ],
                        [
                            -0.9941399693489075,
                            0.0,
                            -0.10810045897960663,
                            0.0
                        ],
                        [
                            45.89304733276367,
                            -1.1384129524230957,
                            1.3689913749694824,
                            1.0
                        ]
                    ]
                },
                {
                    "ColliderType": 0,
                    "LightShape": 0,