{
    "ModelCount": 2,
    "Models": [
        {
            "Collision": false,
            "ModelName": "FloorA",
            "NoInstancing": false,
            "ObjectCount": 4,
            "Objects": [
                {
                    "ColliderType": 0,
                    "LightShape": 0,
                    "WorldMatrix": [
                        [
                            2.167165756225586,
                            0.0,
                            0.0,
                            0.0
                        ],
                        [
                            0.0,
                            1.0,
                            0.0,
                            0.0
                        ],
                        [
                            0.0,
                            0.0,
                            4.868600845336914,
                            0.0
                        ],
                        [
                            129.83848571777344,
                            1.475300669670105,
                            -7.232442855834961,
                            1.0
                        ]
                    ]
                },
                {
                    "ColliderType": 0,
                    "LightShape": 0,
                    "WorldMatrix": [
                        [
                            2.7518043518066406,
                            0.0,
                            0.0,
                            0.0
                        ],
                        [
                            0.0,
                            1.0,
                            0.0,
                            0.0
                        ],
                        [
                            0.0,
                            0.0,
                            5.22738790512085,
                            0.0
                        ],
                        [
                            143.54026794433594,
                            2.3568813800811768,
                            -9.056891441345215,
                            1.0
                        ]
                    ]
                },
                {
                    "ColliderType": 0,
                    "LightShape": 0,
                    "WorldMatrix": [
                        [
                            2.7518043518066406,
                            0.0,
                            0.0,
                            0.0
                        ],
                        [
                            0.0,
                            1.0,
                            0.0,
                            0.0
                        ],
                        [
                            0.0,
                            0.0,
                            5.22738790512085,
                            0.0
                        ],
                        [
                            169.29580688476563,
                            4.697572231292725,
                            -9.056891441345215,
                            1.0
                        ]
                    ]
                },
                {
                    "ColliderType": 0,
                    "LightShape": 0,
                    "WorldMatrix": [
                        [
                            9.780011177062988,
                            0.0,
                            0.0,
                            0.0
                        ],
                        [
                            0.0,
                            1.0,
                            0.0,
                            0.0
                        ],
                        [
                            0.0,
                            0.0,
                            3.989887237548828,
                            0.0
                        ],
                        [
                            148.42315673828125,
                            13.21076488494873,
                            -26.856483459472656,
                            1.0
                        ]
                    ]
                }
            ]
        },
        {
            "Collision": false,
            "ModelName": "SM_Interior_Table_10",
            "NoInstancing": false,
            "ObjectCount": 4,
            "Objects": [
                {
                    "ColliderType": 0,
                    "LightShape": 0,
                    "WorldMatrix": [
                        [
                            1.0,
                            0.0,
                            0.0,
                            0.0
                        ],
                        [
                            0.0,
                            1.0,
                            0.0,
                            0.0
                        ],
                        [
                            0.0,
                            0.0,
                            1.0,
                            0.0
                        ],
                        [
                            128.57554626464844,
                            1.6134510040283203,
                            -19.349014282226563,
                            1.0
                        ]
                    ]
                },
                {
                    "ColliderType": 0,
                    "LightShape": 0,
                    "WorldMatrix": [
                        [
                            1.0,
                            0.0,
                            0.0,
                            0.0
                        ],
                        [
                            0.0,
                            1.0,
                            0.0,
                            0.0
                        ],
                        [
                            0.0,
                            0.0,
                            1.0,
                            0.0
                        ],
                        [
                            126.37039947509766,
                            1.6134510040283203,
                            -19.349014282226563,
                            1.0
                        ]
                    ]
                },
                {
                    "ColliderType": 0,
                    "LightShape": 0,
                    "WorldMatrix": [
                        [
                            1.0,
                            0.0,
                            0.0,
                            0.0
                        ],
                        [
                            0.0,
                            1.0,
                            0.0,
                            0.0
                        ],
                        [
                            0.0,
                            0.0,
                            1.0,
                            0.0
                        ],
                        [
                            124.22000885009766,
                            1.6134510040283203,
                            -19.349014282226563,
                            1.0
                        ]
                    ]
                },
                {
                    "ColliderType": 0,
                    "LightShape": 0,