{
    "ModelCount": 2,
    "Models": [
        {
            "Collision": true,
            "ModelName": "SM_Cathedral_BrickWall_18",
            "NoInstancing": false,
            "ObjectCount": 1,
            "Objects": [
                {
                    "ColliderType": 1,
                    "LightShape": 0,
                    "WorldMatrix": [
                        [
                            -0.2535518705844879,
                            4.6144606358211604e-07,
                            0.0,
                            0.0
                        ],
                        [
                            2.942484655932276e-08,
                            0.01616816036403179,
                            -2.942484655932276e-08,
                            0.0
                        ],
                        [
                            -5.2329598987377324e-11,
                            -2.875368772947695e-05,
                            -15.799358367919922,
                            0.0
                        ],
                        [
                            117.04936981201172,
                            1.2495079040527344,
                            -12.158326148986816,
                            1.0
                        ]
                    ]
                }
            ]
        },
        {
            "Collision": false,
            "ModelName": "SM_Interior_Table_10",
            "NoInstancing": false,
            "ObjectCount": 4,
            "Objects": [
                {
                    "ColliderType": 0,
                    "LightShape": 0,
                    "WorldMatrix": [
                        [
                            1.0,
                            0.0,
                            0.0,
                            0.0
                        ],
                        [
                            0.0,
                            1.0,
                            0.0,
                            0.0
                        ],
                        [
                            0.0,
                            0.0,
                            1.0,
                            0.0
                        ],
                        [
                            128.57554626464844,
                            1.6134510040283203,
                            -19.349014282226563,
                            1.0
                        ]
                    ]
                },
                {
                    "ColliderType": 0,
                    "LightShape": 0,
                    "WorldMatrix": [
                        [
                            1.0,
                            0.0,
                            0.0,
                            0.0
                        ],
                        [
                            0.0,
                            1.0,
                            0.0,
                            0.0
                        ],
                        [
                            0.0,
                            0.0,
                            1.0,
                            0.0
                        ],
                        [
                            126.37039947509766,
                            1.6134510040283203,
                            -19.349014282226563,
                            1.0
                        ]
                    ]
                },
                {
                    "ColliderType": 0,
                    "LightShape": 0,
                    "WorldMatrix": [
                        [
                            1.0,
                            0.0,
                            0.0,
                            0.0
                        ],
                        [
                            0.0,
                            1.0,
                            0.0,
                            0.0
                        ],
                        [
                            0.0,
                            0.0,
                            1.0,
                            0.0
                        ],
                        [
                            124.22000885009766,
                            1.6134510040283203,
                            -19.349014282226563,
                            1.0
                        ]
                    ]
                },
                {
                    "ColliderType": 0,
                    "LightShape": 0,
                    "WorldMatrix": [
                        [
                            1.0,
                            0.0,
                            0.0,
                            0.0
                        ],
                        [
                            0.0,
                            1.0,
                            0.0,
                            0.0
                        ],
                        [
                            0.0,
                            0.0,
                            1.0,
                            0.0
                        ],
                        [
                            130.40806579589844,
                            1.6134510040283203,
                            -19.349014282226563,
                            1.0
                        ]
                    ]
                }
            ]
        }
    ]
}