{
    "ModelCount": 2,
    "Models": [
        {
            "Collision": true,
            "ModelName": "FloorA",
            "ObjectCount": 2,
            "Objects": [
                {
                    "ColliderType": 1,
                    "LightShape": 0,
                    "WorldMatrix": [
                        [
                            3.4800000190734863,
                            0.0,
                            0.0,
                            0.0
                        ],
                        [
                            0.0,
                            3.4800000190734863,
                            0.0,
                            0.0
                        ],
                        [
                            0.0,
                            0.0,
                            3.4800000190734863,
                            0.0
                        ],
                        [
                            0.0,
                            -1.6931203603744507,
                            0.0,
                            1.0
                        ]
                    ]
                },
                {
                    "ColliderType": 0,
                    "LightShape": 0,
                    "WorldMatrix": [
                        [
                            3.5745997428894043,
                            0.0,
                            0.0,
                            0.0
                        ],
                        [
                            0.0,
                            3.5745997428894043,
                            0.0,
                            0.0
                        ],
                        [
                            0.0,
                            0.0,
                            3.5745997428894043,
                            0.0
                        ],
                        [
                            -24.691856384277344,
                            0.0,
                            0.0,
                            1.0
                        ]
                    ]
                }
            ]
        },
        {
            "Collision": true,
            "ModelName": "SM_Station_TicketOffice_01",
            "ObjectCount": 3,
            "Objects": [
                {
                    "ColliderType": 1,
                    "LightShape": 0,
                    "WorldMatrix": [
                        [
                            1.0,
                            0.0,
                            0.0,
                            0.0
                        ],
                        [
                            0.0,
                            1.0,
                            0.0,
                            0.0
                        ],
                        [
                            0.0,
                            0.0,
                            1.0,
                            0.0
                        ],
                        [
                            -2.784315586090088,
                            -0.28403615951538086,
                            -4.964996814727783,
                            1.0
                        ]
                    ]
                },
                {
                    "ColliderType": 1,
                    "LightShape": 0,
                    "WorldMatrix": [
                        [
                            1.0,
                            0.0,
                            0.0,
                            0.0
                        ],
                        [
                            0.0,
                            1.0,
                            0.0,
                            0.0
                        ],
                        [
                            0.0,
                            0.0,
                            1.0,
                            0.0
                        ],
                        [
                            -6.786478519439697,
                            -0.2840362787246704,
                            3.022150993347168,
                            1.0
                        ]
                    ]
                },
                {
                    "ColliderType": 1,
                    "LightShape": 0,
                    "WorldMatrix": [
                        [
                            1.0,
                            0.0,
                            0.0,
                            0.0
                        ],
                        [
                            0.0,
                            1.0,
                            0.0,
                            0.0
                        ],
                        [
                            0.0,
                            0.0,
                            1.0,
                            0.0
                        ],
                        [
                            3.697556495666504,
                            -0.6837407350540161,
                            5.351089000701904,
                            1.0
                        ]
                    ]
                }
            ]
        }
    ]
}