{
    "ModelCount": 2,
    "Models": [
        {
            "Collision": true,
            "ModelName": "FloorA",
            "ObjectCount": 1,
            "Objects": [
                {
                    "ColliderType": 1,
                    "WorldMatrix": [
                        [
                            2.929999828338623,
                            0.0,
                            0.0,
                            0.0
                        ],
                        [
                            0.0,
                            2.929999828338623,
                            0.0,
                            0.0
                        ],
                        [
                            0.0,
                            0.0,
                            2.929999828338623,
                            0.0
                        ],
                        [
                            0.0,
                            0.0,
                            0.0,
                            1.0
                        ]
                    ]
                }
            ]
        },
        {
            "Collision": true,
            "ModelName": "SM_Station_TicketOffice_01",
            "ObjectCount": 3,
            "Objects": [
                {
                    "ColliderType": 1,
                    "WorldMatrix": [
                        [
                            1.0,
                            0.0,
                            0.0,
                            0.0
                        ],
                        [
                            0.0,
                            1.0,
                            0.0,
                            0.0
                        ],
                        [
                            0.0,
                            0.0,
                            1.0,
                            0.0
                        ],
                        [
                            5.013967514038086,
                            0.8398222327232361,
                            -1.0816562175750732,
                            0.9999999403953552
                        ]
                    ]
                },
                {
                    "ColliderType": 1,
                    "WorldMatrix": [
                        [
                            1.0,
                            0.0,
                            0.0,
                            0.0
                        ],
                        [
                            0.0,
                            1.0,
                            0.0,
                            0.0
                        ],
                        [
                            0.0,
                            0.0,
                            1.0,
                            0.0
                        ],
                        [
                            -0.5925266146659851,
                            0.8398222923278809,
                            -4.759276390075684,
                            1.0
                        ]
                    ]
                },
                {
                    "ColliderType": 1,
                    "WorldMatrix": [
                        [
                            1.0,
                            0.0,
                            0.0,
                            0.0
                        ],
                        [
                            0.0,
                            1.0,
                            0.0,
                            0.0
                        ],
                        [
                            0.0,
                            0.0,
                            1.0,
                            0.0
                        ],
                        [
                            3.784778356552124,
                            0.8398222923278809,
                            3.271604299545288,
                            1.0
                        ]
                    ]
                }
            ]
        }
    ]
}