{
    "ModelCount": 2,
    "Models": [
        {
            "Collision": true,
            "ModelName": "FloorA",
            "ObjectCount": 1,
            "Objects": [
                {
                    "ColliderType": 1,
                    "LightShape": 0,
                    "TileDensity": [
                        1.0,
                        1.0
                    ],
                    "WorldMatrix": [
                        [
                            69.04376220703125,
                            0.0,
                            0.0,
                            0.0
                        ],
                        [
                            0.0,
                            3.4800000190734863,
                            0.0,
                            0.0
                        ],
                        [
                            0.0,
                            0.0,
                            190.5684814453125,
                            0.0
                        ],
                        [
                            0.0,
                            -2.1786558628082275,
                            0.0,
                            1.0
                        ]
                    ]
                }
            ]
        },
        {
            "Collision": true,
            "ModelName": "SM_Station_TicketOffice_01",
            "ObjectCount": 3,
            "Objects": [
                {
                    "ColliderType": 1,
                    "LightShape": 0,
                    "WorldMatrix": [
                        [
                            0.3851422667503357,
                            0.0,
                            0.9228574633598328,
                            0.0
                        ],
                        [
                            0.0,
                            1.0,
                            0.0,
                            0.0
                        ],
                        [
                            -0.9228574633598328,
                            0.0,
                            0.3851422667503357,
                            0.0
                        ],
                        [
                            15.150814056396484,
                            -1.1709753274917603,
                            -0.2088487148284912,
                            0.9999998807907104
                        ]
                    ]
                },
                {
                    "ColliderType": 2,
                    "LightShape": 0,
                    "WorldMatrix": [
                        [
                            0.38672128319740295,
                            0.0,
                            -0.9221966862678528,
                            0.0
                        ],
                        [
                            0.0,
                            1.0,
                            0.0,
                            0.0
                        ],
                        [
                            0.9221966862678528,
                            0.0,
                            0.38672128319740295,
                            0.0
                        ],
                        [
                            26.730018615722656,
                            -1.1658278703689575,
                            -0.30278921127319336,
                            1.0
                        ]
                    ]
                },
                {
                    "ColliderType": 0,
                    "LightShape": 0,
                    "WorldMatrix": [
                        [
                            0.1988607496023178,
                            0.0,
                            -0.9800278544425964,
                            0.0
                        ],
                        [
                            0.0,
                            1.0,
                            0.0,
                            0.0
                        ],
                        [
                            0.9800278544425964,
                            0.0,
                            0.1988607496023178,
                            0.0
                        ],
                        [
                            35.07817840576172,
                            -1.1509432792663574,
                            -0.42881298065185547,
                            1.0
                        ]
                    ]
                }
            ]
        }
    ]
}