{
    "ModelCount": 2,
    "Models": [
        {
            "Collision": false,
            "ModelName": "FloorA",
            "ObjectCount": 1,
            "Objects": [
                {
                    "ColliderType": 0,
                    "LightShape": 0,
                    "WorldMatrix": [
                        [
                            1.0,
                            0.0,
                            0.0,
                            0.0
                        ],
                        [
                            0.0,
                            1.0,
                            0.0,
                            0.0
                        ],
                        [
                            0.0,
                            0.0,
                            1.0,
                            0.0
                        ],
                        [
                            0.0589449405670166,
                            0.0,
                            0.0,
                            1.0
                        ]
                    ]
                }
            ]
        },
        {
            "Collision": false,
            "ModelName": "SM_BuildingA_Door_01",
            "ObjectCount": 2,
            "Objects": [
                {
                    "ColliderType": 0,
                    "LightShape": 0,
                    "WorldMatrix": [
                        [
                            1.0,
                            0.0,
                            0.0,
                            0.0
                        ],
                        [
                            0.0,
                            1.0,
                            0.0,
                            0.0
                        ],
                        [
                            0.0,
                            0.0,
                            1.0,
                            0.0
                        ],
                        [
                            2.5286881923675537,
                            3.1755683422088623,
                            -0.4929649829864502,
                            1.0000001192092896
                        ]
                    ]
                },
                {
                    "ColliderType": 0,
                    "LightShape": 0,
                    "WorldMatrix": [
                        [
                            1.0,
                            0.0,
                            0.0,
                            0.0
                        ],
                        [
                            0.0,
                            1.0,
                            0.0,
                            0.0
                        ],
                        [
                            0.0,
                            0.0,
                            1.0,
                            0.0
                        ],
                        [
                            -2.297149181365967,
                            3.1755683422088623,
                            -0.4929649829864502,
                            1.0000001192092896
                        ]
                    ]
                }
            ]
        }
    ]
}