{
    "ModelCount": 1,
    "Models": [
        {
            "Collision": true,
            "ModelName": "SM_Vehicle_Carriage_13",
            "NoInstancing": false,
            "ObjectCount": 2,
            "Objects": [
                {
                    "ColliderType": 1,
                    "LightShape": 0,
                    "WorldMatrix": [
                        [
                            0.7300929427146912,
                            0.0,
                            -0.6833480000495911,
                            0.0
                        ],
                        [
                            0.0,
                            1.0,
                            0.0,
                            0.0
                        ],
                        [
                            0.6833480000495911,
                            0.0,
                            0.7300929427146912,
                            0.0
                        ],
                        [
                            220.82315063476563,
                            7.365368366241455,
                            -18.236507415771484,
                            1.0
                        ]
                    ]
                },
                {
                    "ColliderType": 1,
                    "LightShape": 0,
                    "WorldMatrix": [
                        [
                            0.6862838268280029,
                            0.0,
                            0.7273338437080383,
                            0.0
                        ],
                        [
                            0.0,
                            1.0,
                            0.0,
                            0.0
                        ],
                        [
                            -0.7273338437080383,
                            0.0,
                            0.6862838268280029,
                            0.0
                        ],
                        [
                            213.4385223388672,
                            7.372548580169678,
                            0.2687448561191559,
                            1.0
                        ]
                    ]
                }
            ]
        }
    ]
}