{
    "ModelCount": 2,
    "Models": [
        {
            "Collision": true,
            "ModelName": "FloorA",
            "ObjectCount": 2,
            "Objects": [
                {
                    "ColliderType": 1,
                    "WorldMatrix": [
                        [
                            3.4800000190734863,
                            0.0,
                            0.0,
                            0.0
                        ],
                        [
                            0.0,
                            3.4800000190734863,
                            0.0,
                            0.0
                        ],
                        [
                            0.0,
                            0.0,
                            3.4800000190734863,
                            0.0
                        ],
                        [
                            0.0,
                            0.0,
                            0.0,
                            1.0
                        ]
                    ]
                },
                {
                    "ColliderType": 0,
                    "WorldMatrix": [
                        [
                            3.5745997428894043,
                            0.0,
                            0.0,
                            0.0
                        ],
                        [
                            0.0,
                            3.5745997428894043,
                            0.0,
                            0.0
                        ],
                        [
                            0.0,
                            0.0,
                            3.5745997428894043,
                            0.0
                        ],
                        [
                            -24.691856384277344,
                            0.0,
                            0.0,
                            1.0
                        ]
                    ]
                }
            ]
        },
        {
            "Collision": true,
            "ModelName": "SM_Station_TicketOffice_01",
            "ObjectCount": 3,
            "Objects": [
                {
                    "ColliderType": 1,
                    "WorldMatrix": [
                        [
                            1.0,
                            0.0,
                            0.0,
                            0.0
                        ],
                        [
                            0.0,
                            1.0,
                            0.0,
                            0.0
                        ],
                        [
                            0.0,
                            0.0,
                            1.0,
                            0.0
                        ],
                        [
                            -6.912027359008789,
                            0.9974683523178101,
                            -4.964996814727783,
                            1.0
                        ]
                    ]
                },
                {
                    "ColliderType": 1,
                    "WorldMatrix": [
                        [
                            1.0,
                            0.0,
                            0.0,
                            0.0
                        ],
                        [
                            0.0,
                            1.0,
                            0.0,
                            0.0
                        ],
                        [
                            0.0,
                            0.0,
                            1.0,
                            0.0
                        ],
                        [
                            -11.123353004455566,
                            0.9974682331085205,
                            3.022150993347168,
                            1.0
                        ]
                    ]
                },
                {
                    "ColliderType": 1,
                    "WorldMatrix": [
                        [
                            1.0,
                            0.0,
                            0.0,
                            0.0
                        ],
                        [
                            0.0,
                            1.0,
                            0.0,
                            0.0
                        ],
                        [
                            0.0,
                            0.0,
                            1.0,
                            0.0
                        ],
                        [
                            1.6721163988113403,
                            0.9974682927131653,
                            6.492400169372559,
                            1.0
                        ]
                    ]
                }
            ]
        }
    ]
}