{
    "ModelCount": 2,
    "Models": [
        {
            "ModelName": "FloorA",
            "ObjectCount": 1,
            "Objects": [
                {
                    "TileDensity": [
                        1.0,
                        1.0
                    ],
                    "WorldMatrix": [
                        [
                            1.0,
                            0.0,
                            0.0,
                            0.0
                        ],
                        [
                            0.0,
                            1.0,
                            0.0,
                            0.0
                        ],
                        [
                            0.0,
                            0.0,
                            1.0,
                            0.0
                        ],
                        [
                            0.0,
                            0.0,
                            0.0,
                            1.0
                        ]
                    ]
                }
            ]
        },
        {
            "ModelName": "FloorB",
            "ObjectCount": 1,
            "Objects": [
                {
                    "TileDensity": [
                        0.20000000298023224,
                        0.20000000298023224
                    ],
                    "WorldMatrix": [
                        [
                            1.3804678916931152,
                            0.0,
                            0.0,
                            0.0
                        ],
                        [
                            0.0,
                            1.0,
                            0.0,
                            0.0
                        ],
                        [
                            0.0,
                            0.0,
                            0.5158349871635437,
                            0.0
                        ],
                        [
                            68.69717407226563,
                            -0.46075761318206787,
                            -7.220542907714844,
                            1.0
                        ]
                    ]
                }
            ]
        }
    ]
}