{
    "ModelCount": 3,
    "Models": [
        {
            "ModelName": "SM_BuildingA_Door_01",
            "ObjectCount": 1,
            "Objects": [
                {
                    "WorldMatrix": [
                        [
                            1.0,
                            0.0,
                            0.0,
                            0.0
                        ],
                        [
                            0.0,
                            1.0,
                            0.0,
                            0.0
                        ],
                        [
                            0.0,
                            0.0,
                            1.0,
                            0.0
                        ],
                        [
                            0.0,
                            18.302452087402344,
                            -13.722249984741211,
                            1.0
                        ]
                    ]
                }
            ]
        },
        {
            "ModelName": "SM_OldTown_BrickFloor_01",
            "ObjectCount": 1,
            "Objects": [
                {
                    "WorldMatrix": [
                        [
                            1.0,
                            0.0,
                            0.0,
                            0.0
                        ],
                        [
                            0.0,
                            1.0,
                            0.0,
                            0.0
                        ],
                        [
                            0.0,
                            0.0,
                            1.0,
                            0.0
                        ],
                        [
                            -2.0093703269958496,
                            15.286335945129395,
                            -14.106548309326172,
                            1.0
                        ]
                    ]
                }
            ]
        },
        {
            "ModelName": "SM_Station_Light_01",
            "ObjectCount": 1,
            "Objects": [
                {
                    "WorldMatrix": [
                        [
                            6.595203876495361,
                            0.0,
                            0.0,
                            0.0
                        ],
                        [
                            0.0,
                            0.6034092903137207,
                            0.7974317669868469,
                            0.0
                        ],
                        [
                            0.0,
                            -0.7974317669868469,
                            0.6034092903137207,
                            0.0
                        ],
                        [
                            -2.7175657749176025,
                            15.321136474609375,
                            -12.851807594299316,
                            0.9999999403953552
                        ]
                    ]
                }
            ]
        }
    ]
}