{
    "ModelCount": 15,
    "Models": [
        {
            "ModelName": "FloorB",
            "ObjectCount": 1,
            "Objects": [
                {
                    "TileDensity": [
                        0.20000000298023224,
                        0.20000000298023224
                    ],
                    "WorldMatrix": [
                        [
                            1.0,
                            0.0,
                            0.0,
                            0.0
                        ],
                        [
                            0.0,
                            1.0,
                            0.0,
                            0.0
                        ],
                        [
                            0.0,
                            0.0,
                            0.21846498548984528,
                            0.0
                        ],
                        [
                            68.69717407226563,
                            -0.46075761318206787,
                            -7.220542907714844,
                            1.0
                        ]
                    ]
                }
            ]
        },
        {
            "ModelName": "SM_Station_BlueFairy_01",
            "ObjectCount": 1,
            "Objects": [
                {
                    "WorldMatrix": [
                        [
                            1.0,
                            0.0,
                            0.0,
                            0.0
                        ],
                        [
                            0.0,
                            1.0,
                            0.0,
                            0.0
                        ],
                        [
                            0.0,
                            0.0,
                            1.0,
                            0.0
                        ],
                        [
                            -45.97774887084961,
                            25.876468658447266,
                            2.897552251815796,
                            1.0
                        ]
                    ]
                }
            ]
        },
        {
            "ModelName": "SM_Station_BlueFairy_01a",
            "ObjectCount": 1,
            "Objects": [
                {
                    "WorldMatrix": [
                        [
                            1.0,
                            0.0,
                            0.0,
                            0.0
                        ],
                        [
                            0.0,
                            1.0,
                            0.0,
                            0.0
                        ],
                        [
                            0.0,
                            0.0,
                            1.0,
                            0.0
                        ],
                        [
                            -45.97774887084961,
                            25.876468658447266,
                            2.897552251815796,
                            1.0
                        ]
                    ]
                }
            ]
        },
        {
            "ModelName": "SM_Station_BlueFairy_02",
            "ObjectCount": 1,
            "Objects": [
                {
                    "WorldMatrix": [
                        [
                            0.011109914630651474,
                            0.0,
                            0.9999383091926575,
                            0.0
                        ],
                        [
                            0.0,
                            1.0,
                            0.0,
                            0.0
                        ],
                        [
                            -0.9999383091926575,
                            0.0,
                            0.011109914630651474,
                            0.0
                        ],
                        [
                            4.067251682281494,
                            -0.2594926357269287,
                            0.6871359944343567,
                            1.0
                        ]
                    ]
                }
            ]
        },
        {
            "ModelName": "SM_Station_BlueFairy_02a",
            "ObjectCount": 1,
            "Objects": [
                {
                    "WorldMatrix": [
                        [
                            0.011109914630651474,
                            0.0,
                            0.9999383091926575,
                            0.0
                        ],
                        [
                            0.0,
                            1.0,
                            0.0,
                            0.0
                        ],
                        [
                            -0.9999383091926575,
                            0.0,
                            0.011109914630651474,
                            0.0
                        ],
                        [
                            4.067251682281494,
                            -0.2594926357269287,
                            0.6871359944343567,
                            1.0
                        ]
                    ]
                }
            ]
        },
        {
            "ModelName": "SM_Station_BlueFairy_02b",
            "ObjectCount": 1,
            "Objects": [
                {
                    "WorldMatrix": [
                        [
                            0.011109914630651474,
                            0.0,
                            0.9999383091926575,
                            0.0
                        ],
                        [
                            0.0,
                            1.0,
                            0.0,
                            0.0
                        ],
                        [
                            -0.9999383091926575,
                            0.0,
                            0.011109914630651474,
                            0.0
                        ],
                        [
                            4.067251682281494,
                            -0.2594926357269287,
                            0.6871359944343567,
                            1.0
                        ]
                    ]
                }
            ]
        },
        {
            "ModelName": "SM_Station_BlueFairy_03",
            "ObjectCount": 1,
            "Objects": [
                {
                    "WorldMatrix": [
                        [
                            0.011109914630651474,
                            0.0,
                            0.9999383091926575,
                            0.0
                        ],
                        [
                            0.0,
                            1.0,
                            0.0,
                            0.0
                        ],
                        [
                            -0.9999383091926575,
                            0.0,
                            0.011109914630651474,
                            0.0
                        ],
                        [
                            3.9680426120758057,
                            -0.2594926357269287,
                            -8.241936683654785,
                            1.0
                        ]
                    ]
                }
            ]
        },
        {
            "ModelName": "SM_Station_BlueFairy_03a",
            "ObjectCount": 1,