{
    "ModelCount": 3,
    "Models": [
        {
            "ModelName": "SM_BuildingA_Door_01",
            "ObjectCount": 1,
            "Objects": [
                {
                    "WorldMatrix": [
                        [
                            1.0,
                            0.0,
                            0.0,
                            0.0
                        ],
                        [
                            0.0,
                            1.0,
                            0.0,
                            0.0
                        ],
                        [
                            0.0,
                            0.0,
                            1.0,
                            0.0
                        ],
                        [
                            0.0,
                            18.302452087402344,
                            -13.722249984741211,
                            1.0
                        ]
                    ]
                }
            ]
        },
        {
            "ModelName": "SM_OldTown_BrickFloor_01",
            "ObjectCount": 11,
            "Objects": [
                {
                    "WorldMatrix": [
                        [
                            1.0,
                            0.0,
                            0.0,
                            0.0
                        ],
                        [
                            0.0,
                            1.0,
                            0.0,
                            0.0
                        ],
                        [
                            0.0,
                            0.0,
                            1.0,
                            0.0
                        ],
                        [
                            -2.0093703269958496,
                            15.286335945129395,
                            -14.106548309326172,
                            1.0
                        ]
                    ]
                },
                {
                    "WorldMatrix": [
                        [
                            0.9999650716781616,
                            -0.008357956074178219,
                            0.0,
                            0.0
                        ],
                        [
                            0.008357956074178219,
                            0.9999650716781616,
                            0.0,
                            0.0
                        ],
                        [
                            0.0,
                            0.0,
                            1.0,
                            0.0
                        ],
                        [
                            -1.1558549404144287,
                            15.335074424743652,
                            -15.2174654006958,
                            0.9999999403953552
                        ]
                    ]
                },
                {
                    "WorldMatrix": [
                        [
                            1.0,
                            0.0,
                            0.0,
                            0.0
                        ],
                        [
                            0.0,
                            1.0,
                            0.0,
                            0.0
                        ],
                        [
                            0.0,
                            0.0,
                            1.0,
                            0.0
                        ],
                        [
                            -9.991989135742188,
                            21.315502166748047,
                            -15.152376174926758,
                            1.0
                        ]
                    ]
                },
                {
                    "WorldMatrix": [
                        [
                            1.0,
                            0.0,
                            0.0,
                            0.0
                        ],
                        [
                            0.0,
                            1.0,
                            0.0,
                            0.0
                        ],
                        [
                            0.0,
                            0.0,
                            1.0,
                            0.0
                        ],
                        [
                            -9.489852905273438,
                            25.69017219543457,
                            -18.653749465942383,
                            1.0
                        ]
                    ]
                },
                {
                    "WorldMatrix": [
                        [
                            1.0,
                            0.0,
                            0.0,
                            0.0
                        ],
                        [
                            0.0,
                            1.0,
                            0.0,
                            0.0
                        ],
                        [
                            0.0,
                            0.0,
                            1.0,
                            0.0
                        ],
                        [
                            -9.038734436035156,
                            29.620389938354492,
                            -21.79938507080078,
                            1.0
                        ]
                    ]
                },
                {
                    "WorldMatrix": [
                        [
                            1.0,
                            0.0,
                            0.0,
                            0.0
                        ],
                        [
                            0.0,
                            1.0,
                            0.0,
                            0.0
                        ],
                        [
                            0.0,
                            0.0,
                            1.0,
                            0.0
                        ],
                        [
                            -4.712669849395752,
                            32.97095489501953,
                            -23.915861129760742,
                            1.0
                        ]
                    ]
                },
                {
                    "WorldMatrix": [
                        [
                            1.0,
                            0.0,
                            0.0,
                            0.0
                        ],
                        [
                            0.0,
                            1.0,
                            0.0,
                            0.0
                        ],
                        [
                            0.0,
                            0.0,
                            1.0,
                            0.0
                        ],
                        [
                            0.266079843044281,
                            36.37408447265625,
                            -25.981657028198242,
                            1.0
                        ]
                    ]
                },
                {
                    "WorldMatrix": [
                        [
                            1.0,
                            0.0,
                            0.0,
                            0.0
                        ],
                        [
                            0.0,
                            1.0,
                            0.0,
                            0.0
                        ],
                        [
                            0.0,
                            0.0,
                            1.0,
                            0.0
                        ],
