{
    "ModelCount": 2,
    "Models": [
        {
            "ModelName": "SM_OldTown_BrickFloor_01",
            "ObjectCount": 2,
            "Objects": [
                {
                    "WorldMatrix": [
                        [
                            0.965114414691925,
                            0.0,
                            0.0,
                            0.0
                        ],
                        [
                            0.0,
                            1.0,
                            0.0,
                            0.0
                        ],
                        [
                            0.0,
                            0.0,
                            1.0,
                            0.0
                        ],
                        [
                            0.0,
                            0.0,
                            -4.0069427490234375,
                            1.0
                        ]
                    ]
                },
                {
                    "WorldMatrix": [
                        [
                            1.0,
                            0.0,
                            0.0,
                            0.0
                        ],
                        [
                            0.0,
                            0.5477741956710815,
                            -0.8366266489028931,
                            0.0
                        ],
                        [
                            0.0,
                            1.289337158203125,
                            0.8441822528839111,
                            0.0
                        ],
                        [
                            -1.7858422994613647,
                            0.959843635559082,
                            -2.1533350944519043,
                            1.0
                        ]
                    ]
                }
            ]
        },
        {
            "ModelName": "SM_Station_Light_01",
            "ObjectCount": 9,
            "Objects": [
                {
                    "WorldMatrix": [
                        [
                            1.0,
                            0.0,
                            0.0,
                            0.0
                        ],
                        [
                            0.0,
                            1.0,
                            0.0,
                            0.0
                        ],
                        [
                            0.0,
                            0.0,
                            1.0,
                            0.0
                        ],
                        [
                            0.8580584526062012,
                            0.041137777268886566,
                            -1.9275492429733276,
                            0.9999999403953552
                        ]
                    ]
                },
                {
                    "WorldMatrix": [
                        [
                            1.0,
                            0.0,
                            0.0,
                            0.0
                        ],
                        [
                            0.0,
                            1.0,
                            0.0,
                            0.0
                        ],
                        [
                            0.0,
                            0.0,
                            1.0,
                            0.0
                        ],
                        [
                            0.0,
                            0.0,
                            -23.957046508789063,
                            1.0
                        ]
                    ]
                },
                {
                    "WorldMatrix": [
                        [
                            1.0,
                            0.0,
                            0.0,
                            0.0
                        ],
                        [
                            0.0,
                            1.0,
                            0.0,
                            0.0
                        ],
                        [
                            0.0,
                            0.0,
                            1.0,
                            0.0
                        ],
                        [
                            -1.102817416191101,
                            0.056928716599941254,
                            -1.5988847017288208,
                            1.0
                        ]
                    ]
                },
                {
                    "WorldMatrix": [
                        [
                            1.0,
                            0.0,
                            0.0,
                            0.0
                        ],
                        [
                            0.0,
                            1.0,
                            0.0,
                            0.0
                        ],
                        [
                            0.0,
                            0.0,
                            1.0,
                            0.0
                        ],
                        [
                            0.5710663199424744,
                            0.035868626087903976,
                            -1.8476831912994385,
                            1.0
                        ]
                    ]
                },
                {
                    "WorldMatrix": [
                        [
                            0.6779635548591614,
                            1.8797281509108643e-09,
                            -0.7350955009460449,
                            0.0
                        ],
                        [
                            -2.447338819503784,
                            3.2273097038269043,
                            -2.2571308612823486,
                            0.0
                        ],
                        [
                            0.5116452574729919,
                            0.7180171012878418,
                            0.4718799889087677,
                            0.0
                        ],
                        [
                            5.370239734649658,
                            0.5870358347892761,
                            -3.2137320041656494,
                            1.0
                        ]
                    ]
                },
                {
                    "WorldMatrix": [
                        [
                            1.0,
                            0.0,
                            0.0,
                            0.0
                        ],
                        [
                            0.0,
                            1.0,
                            0.0,
                            0.0
                        ],
                        [
                            0.0,
                            0.0,
                            1.0,
                            0.0
                        ],
                        [
                            -2.3228137493133545,
                            4.734580993652344,
                            -3.413857936859131,
                            1.0
                        ]
                    ]
                },
                {
                    "WorldMatrix": [
                        [
                            1.0,
                            0.0,
                            0.0,
                            0.0
                        ],
                        [
                            0.0,
                            1.0,
                            0.0,
                            0.0
                        ],
                        [
                            0.0,
                            0.0,
