{
    "ModelCount": 2,
    "Models": [
        {
            "ModelName": "SM_OldTown_BrickFloor_01",
            "ObjectCount": 3,
            "Objects": [
                {
                    "WorldMatrix": [
                        [
                            0.7032107710838318,
                            0.0,
                            0.0,
                            0.0
                        ],
                        [
                            0.0,
                            1.0,
                            0.0,
                            0.0
                        ],
                        [
                            0.0,
                            0.0,
                            1.0,
                            0.0
                        ],
                        [
                            0.0,
                            0.0,
                            0.0,
                            1.0
                        ]
                    ]
                },
                {
                    "WorldMatrix": [
                        [
                            1.0,
                            0.0,
                            0.0,
                            0.0
                        ],
                        [
                            0.0,
                            1.0,
                            0.0,
                            0.0
                        ],
                        [
                            0.0,
                            0.0,
                            1.0,
                            0.0
                        ],
                        [
                            -9.681259155273438,
                            26.805383682250977,
                            -20.29474639892578,
                            1.0
                        ]
                    ]
                },
                {
                    "WorldMatrix": [
                        [
                            1.0,
                            0.0,
                            0.0,
                            0.0
                        ],
                        [
                            0.0,
                            1.0,
                            0.0,
                            0.0
                        ],
                        [
                            0.0,
                            0.0,
                            1.0,
                            0.0
                        ],
                        [
                            -8.737462043762207,
                            32.43890380859375,
                            -25.5312557220459,
                            1.0
                        ]
                    ]
                }
            ]
        },
        {
            "ModelName": "SM_Station_Light_01",
            "ObjectCount": 13,
            "Objects": [
                {
                    "WorldMatrix": [
                        [
                            6.122280597686768,
                            0.0,
                            0.0,
                            0.0
                        ],
                        [
                            0.0,
                            1.7651443481445313,
                            -1.197141170501709,
                            0.0
                        ],
                        [
                            0.0,
                            0.5612972974777222,
                            0.8276142477989197,
                            0.0
                        ],
                        [
                            6.189476013183594,
                            0.0,
                            0.0,
                            1.0
                        ]
                    ]
                },
                {
                    "WorldMatrix": [
                        [
                            1.0,
                            0.0,
                            0.0,
                            0.0
                        ],
                        [
                            0.0,
                            1.0,
                            0.0,
                            0.0
                        ],
                        [
                            0.0,
                            0.0,
                            1.0,
                            0.0
                        ],
                        [
                            0.0,
                            0.0,
                            -16.30481719970703,
                            1.0
                        ]
                    ]
                },
                {
                    "WorldMatrix": [
                        [
                            1.0,
                            0.0,
                            0.0,
                            0.0
                        ],
                        [
                            0.0,
                            1.0,
                            0.0,
                            0.0
                        ],
                        [
                            0.0,
                            0.0,
                            1.0,
                            0.0
                        ],
                        [
                            -10.877440452575684,
                            0.0,
                            0.0,
                            1.0
                        ]
                    ]
                },
                {
                    "WorldMatrix": [
                        [
                            0.4708652198314667,
                            0.0,
                            -2.770268201828003,
                            0.0
                        ],
                        [
                            0.0,
                            2.809999942779541,
                            0.0,
                            0.0
                        ],
                        [
                            2.770268201828003,
                            0.0,
                            0.4708652198314667,
                            0.0
                        ],
                        [
                            0.0,
                            0.0,
                            18.031330108642578,
                            1.0
                        ]
                    ]
                },
                {
                    "WorldMatrix": [
                        [
                            1.0,
                            0.0,
                            0.0,
                            0.0
                        ],
                        [
                            0.0,
                            1.0,
                            0.0,
                            0.0
                        ],
                        [
                            0.0,
                            0.0,
                            1.0,
                            0.0
                        ],
                        [
                            -18.477672576904297,
                            0.0,
                            0.0,
                            1.0
                        ]
                    ]
                },
                {
                    "WorldMatrix": [
                        [
                            1.0,
                            0.0,
                            0.0,
                            0.0
                        ],
                        [
                            0.0,
                            1.0,
                            0.0,
                            0.0
                        ],
                        [
                            0.0,
                            0.0,
                            1.0,
                            0.0
                        ],
                        [
                            0.0,
                            0.0,
