{
    "EffectObject": [
        {
            "Accel": [
                -500.0,
                -400.0
            ],
            "Animation": true,
            "Billboard": false,
            "Center": [
                0.0,
                0.0,
                0.0
            ],
            "CenterColor": [
                1.0,
                0.7469915747642517,
                0.31937170028686523,
                1.0
            ],
            "Color": [
                1.0,
                0.7467174530029297,
                0.37172776460647583,
                1.0
            ],
            "Duration": 61,
            "EffectType": 1,
            "EmissiveIntensity": 10.0,
            "EndTrack": 61,
            "FlipUV": false,
            "Gravity": 9.800000190734863,
            "IsGravity": false,
            "KeyFrames": [
                {
                    "Color": [
                        1.0,
                        0.7467174530029297,
                        0.37172776460647583,
                        1.0
                    ],
                    "Intensity": 2.2100000381469727,
                    "Interpolation": 0,
                    "Rotation": [
                        0.0,
                        0.0,
                        0.0,
                        0.0
                    ],
                    "Scale": [
                        1.0,
                        1.0,
                        1.0
                    ],
                    "TrackPosition": 0.0,
                    "Translation": [
                        0.0,
                        0.0,
                        0.0
                    ]
                }
            ],
            "LifeTime": 528.7702026367188,
            "LifeTime_Particle": [
                0.009999999776482582,
                0.10000000149011612
            ],
            "Local": true,
            "Loop": false,
            "MaxLifeTime": 4.0,
            "MaxSpeed": 1000.0,
            "MinSpeed": 5.0,
            "Name": "Hit_BasicSpark1",
            "NumInstance": 50,
            "NumKeyFrames": 1,
            "Orbit": true,
            "OrbitAxis": [
                1.0,
                0.0,
                0.0
            ],
            "OrbitSpeed": [
                -180.0,
                180.0
            ],
            "PType": 0,
            "Pivot": [
                0.0,
                0.0,
                0.0
            ],
            "Range": [
                0.029999999329447746,
                0.029999999329447746,
                0.029999999329447746
            ],
            "RenderGroup": 8,
            "RotationAxis": [
                0.0,
                0.0,
                0.0
            ],
            "RotationSpeed": [
                0.0,
                0.0
            ],
            "ShaderPass": 3,
            "Size": [
                0.009999999776482582,
                0.019999999552965164
            ],
            "Speed": [
                15.0,
                35.0
            ],
            "Spin": false,
            "StartTrack": 0,
            "TextureTags": [
                "",
                "T_Shere_02_C_LGS",
                "",
                ""
            ],
            "TextureUsage": [
                false,
                true,
                false,
                false
            ],
            "Threshold": 0.0,
            "TickPerSecond": 60.0,
            "TileX": 1,
            "TileY": 1
        },
        {
            "Accel": [
                -50.0,
                -40.0
            ],
            "Animation": true,
            "Billboard": false,
            "Center": [
                0.0,
                0.0,
                0.0
            ],
            "CenterColor": [
                1.0,
                0.45464766025543213,
                0.39790576696395874,
                1.0
            ],
            "Color": [
                1.0,
                0.15706807374954224,
                0.0,
                1.0
            ],
            "Duration": 61,
            "EffectType": 1,
            "EmissiveIntensity": 2.800000011920929,
            "EndTrack": 61,
            "FlipUV": false,
            "Gravity": 9.800000190734863,
            "IsGravity": true,
            "KeyFrames": [
                {
                    "Color": [
                        1.0,
                        0.15706807374954224,
                        0.0,
                        1.0
                    ],
                    "Intensity": 2.450000047683716,
                    "Interpolation": 0,
                    "Rotation": [
                        0.0,
                        0.0,
                        0.0,
                        0.0
                    ],
                    "Scale": [
                        1.0,
                        1.0,
                        1.0
                    ],
                    "TrackPosition": 0.0,
                    "Translation": [
                        0.0,
                        0.0,
                        0.0
                    ]
                }
            ],
            "LifeTime": 324.7401123046875,
            "LifeTime_Particle": [
                0.05000000074505806,
                0.5
            ],
            "Local": true,
            "Loop": false,
            "MaxLifeTime": 0.10000000149011612,
            "MaxSpeed": 1000.0,
            "MinSpeed": 0.30000001192092896,
            "Name": "Hit_BasicSpark2",
            "NumInstance": 50,
            "NumKeyFrames": 1,
            "Orbit": true,
            "OrbitAxis": [
                0.7071067690849304,
                0.0,
                0.7071067690849304
            ],
            "OrbitSpeed": [
                -180.0,
                180.0
            ],
            "PType": 0,
            "Pivot": [
                0.0,
                0.0,
                0.0
            ],
            "Range": [
                0.029999999329447746,
                0.029999999329447746,
                0.029999999329447746
            ],
            "RenderGroup": 8,
            "RotationAxis": [
                0.0,
                0.0,
                0.0
            ],
            "RotationSpeed": [
                0.0,
                0.0
            ],
            "ShaderPass": 3,
            "Size": [
                0.019999999776482582,
                0.029999999552965164
            ],
            "Speed": [
                10.0,
                15.0
            ],
            "Spin": false,
            "StartTrack": 0,
            "TextureTags": [
                "",
                "T_Shere_02_C_LGS",
                "",
                ""
            ],
            "TextureUsage": [
                false,
                true,
                false,
                false
            ],
            "Threshold": 0.0,
            "TickPerSecond": 60.0,
            "TileX": 1,
            "TileY": 1
        },
        {
            "Animation": true,
            "Billboard": true,
            "CenterColor": [
                1.0,
                1.0,
                1.0,
                1.0
            ],
            "Color": [
                1.0,
                0.6216386556625366,
                0.32460731267929077,
                1.0
            ],
            "Duration": 61,
            "EffectType": 0,
            "EmissiveIntensity": 0.0,
            "EndTrack": 61,
            "FlipUV": false,
            "KeyFrames": [
                {
                    "Color": [
                        1.0,
                        0.6216386556625366,
                        0.32460731267929077,
                        1.0
                    ],
                    "Intensity": 2.759999990463257,
                    "Interpolation": 0,