{
    "EffectObject": [
        {
            "Accel": [
                -10.0,
                -7.0
            ],
            "Animation": true,
            "Billboard": false,
            "Center": [
                0.0,
                5.0,
                0.0
            ],
            "CenterColor": [
                1.0,
                0.44795918464660645,
                0.23036646842956543,
                1.0
            ],
            "Color": [
                1.0,
                0.0628272294998169,
                0.0,
                1.0
            ],
            "Duration": 199,
            "EffectType": 1,
            "EmissiveIntensity": 1.75,
            "EndTrack": 199,
            "FlipUV": false,
            "KeyFrames": [
                {
                    "Color": [
                        1.0,
                        0.0628272294998169,
                        0.0,
                        1.0
                    ],
                    "Intensity": 2.430000066757202,
                    "Interpolation": 0,
                    "Rotation": [
                        0.0,
                        0.0,
                        0.0,
                        0.0
                    ],
                    "Scale": [
                        1.0,
                        1.0,
                        1.0
                    ],
                    "TrackPosition": 0.0,
                    "Translation": [
                        0.0,
                        0.0,
                        0.0
                    ]
                }
            ],
            "LifeTime": 1104.68798828125,
            "LifeTime_Particle": [
                0.23000000417232513,
                1.7200000286102295
            ],
            "Local": true,
            "Loop": true,
            "MaxLifeTime": 4.0,
            "MaxSpeed": 500.0,
            "MinSpeed": 0.10000000149011612,
            "Name": "Firecraker_FireParticle",
            "NumInstance": 800,
            "NumKeyFrames": 1,
            "Orbit": true,
            "OrbitAxis": [
                0.0,
                0.0,
                1.0
            ],
            "OrbitSpeed": [
                -30.0,
                30.0
            ],
            "PType": 0,
            "Pivot": [
                0.30000001192092896,
                4.849999904632568,
                0.0
            ],
            "Range": [
                0.07999999821186066,
                0.07999999821186066,
                0.07999999821186066
            ],
            "RenderGroup": 8,
            "RotationAxis": [
                0.0,
                0.0,
                0.0
            ],
            "RotationSpeed": [
                0.0,
                0.0
            ],
            "ShaderPass": 2,
            "Size": [
                0.029999999329447746,
                0.05999999865889549
            ],
            "Speed": [
                10.0,
                14.0
            ],
            "Spin": false,
            "StartTrack": 0,
            "TextureTags": [
                "",
                "T_Shere_07_C_LGS",
                "",
                ""
            ],
            "TextureUsage": [
                false,
                true,
                false,
                false
            ],
            "Threshold": 0.0,
            "TickPerSecond": 60.0,
            "TileX": 1,
            "TileY": 1
        },
        {
            "Accel": [
                -30.0,
                -20.0
            ],
            "Animation": true,
            "Billboard": false,
            "Center": [
                0.0,
                5.0,
                0.0
            ],
            "CenterColor": [
                1.0,
                0.4470588266849518,
                0.23137255012989044,
                1.0
            ],
            "Color": [
                1.0,
                0.062745101749897,
                0.0,
                1.0
            ],
            "Duration": 199,
            "EffectType": 1,
            "EmissiveIntensity": 1.7000000476837158,
            "EndTrack": 199,
            "FlipUV": false,
            "KeyFrames": [
                {
                    "Color": [
                        1.0,
                        0.062745101749897,
                        0.0,
                        1.0
                    ],
                    "Intensity": 2.430000066757202,
                    "Interpolation": 0,
                    "Rotation": [
                        0.0,
                        0.0,
                        0.0,
                        0.0
                    ],
                    "Scale": [
                        1.0,
                        1.0,
                        1.0
                    ],
                    "TrackPosition": 0.0,
                    "Translation": [
                        0.0,
                        0.0,
                        0.0
                    ]
                }
            ],
            "LifeTime": 549.0747680664063,
            "LifeTime_Particle": [
                0.15000000596046448,
                0.550000011920929
            ],
            "Local": true,
            "Loop": true,
            "MaxLifeTime": 1.7200000286102295,
            "MaxSpeed": 1000.0,
            "MinSpeed": 0.0,
            "Name": "Firecracker_SmokeParticle",
            "NumInstance": 40,
            "NumKeyFrames": 1,
            "Orbit": true,
            "OrbitAxis": [
                0.0,
                1.0,
                0.0
            ],
            "OrbitSpeed": [
                -180.0,
                180.0
            ],
            "PType": 0,
            "Pivot": [
                0.0,
                4.980000019073486,
                0.0
            ],
            "Range": [
                0.07999999821186066,
                0.07999999821186066,
                0.07999999821186066
            ],
            "RenderGroup": 8,
            "RotationAxis": [
                0.0,
                0.0,
                0.0
            ],
            "RotationSpeed": [
                0.0,
                0.0
            ],
            "ShaderPass": 2,
            "Size": [
                0.019999999552965164,
                0.03999999910593033
            ],
            "Speed": [
                10.0,
                14.0
            ],
            "Spin": false,
            "StartTrack": 0,
            "TextureTags": [
                "",
                "",
                "",
                ""
            ],
            "TextureUsage": [
                true,
                false,
                false,
                false
            ],
            "Threshold": 0.0,
            "TickPerSecond": 60.0,
            "TileX": 1,
            "TileY": 1
        }
    ],
    "Loop": true,
    "MaxFrame": 200
}