{
    "AOIntensity": 0.8999999761581421,
    "AOPower": 1.899999976158142,
    "AlbedoTint": [
        0.7920341491699219,
        0.8671422004699707,
        1.0,
        1.0
    ],
    "DiffuseIntensity": 1.0,
    "MetallicIntensity": 0.7900000214576721,
    "NormalIntensity": 0.27000001072883606,
    "ReflectionIntensity": 1.090000033378601,
    "RoughnessIntensity": 0.9599999785423279,
    "SpecularIntensity": 0.8999999761581421
}
