{
    "AOIntensity": 1.0399999618530273,
    "AOPower": 1.5700000524520874,
    "AlbedoTint": [
        1.0,
        1.0,
        1.0,
        1.0
    ],
    "DiffuseIntensity": 1.0,
    "MetallicIntensity": 0.9599999785423279,
    "NormalIntensity": 0.7200000286102295,
    "ReflectionIntensity": 1.6799999475479126,
    "RoughnessIntensity": 0.7799999713897705,
    "SpecularIntensity": 7.829999923706055
}
